time,Bx,By,Bz,
2003-10-30 00:00:00.000,14057.70,1710.00,49563.60,
2003-10-30 00:01:00.000,14104.30,1562.90,49583.80,
2003-10-30 00:02:00.000,14076.10,1537.60,49613.70,
2003-10-30 00:03:00.000,14093.30,1548.00,49647.70,
2003-10-30 00:04:00.000,14173.20,1575.60,49689.20,
2003-10-30 00:05:00.000,14227.50,1620.90,49671.20,
2003-10-30 00:06:00.000,14177.70,1629.40,49637.90,
2003-10-30 00:07:00.000,14109.50,1641.80,49605.20,
2003-10-30 00:08:00.000,14115.10,1670.30,49596.60,
2003-10-30 00:09:00.000,14161.90,1711.10,49614.50,
2003-10-30 00:10:00.000,14200.50,1748.10,49630.30,
2003-10-30 00:11:00.000,14238.40,1751.90,49630.90,
2003-10-30 00:12:00.000,14156.60,1734.50,49573.20,
2003-10-30 00:13:00.000,14070.70,1786.30,49509.70,
2003-10-30 00:14:00.000,14108.70,1832.50,49487.50,
2003-10-30 00:15:00.000,14121.00,1859.60,49480.40,
2003-10-30 00:16:00.000,14122.70,1911.40,49486.70,
2003-10-30 00:17:00.000,14093.80,1960.30,49480.90,
2003-10-30 00:18:00.000,14049.20,1996.00,49487.90,
2003-10-30 00:19:00.000,14035.00,2026.20,49525.70,
2003-10-30 00:20:00.000,14051.10,2014.40,49585.70,
2003-10-30 00:21:00.000,14047.30,1952.50,49640.50,
2003-10-30 00:22:00.000,14083.40,1911.40,49672.40,
2003-10-30 00:23:00.000,14111.40,1906.20,49698.40,
2003-10-30 00:24:00.000,14111.10,1871.30,49701.20,
2003-10-30 00:25:00.000,14114.90,1872.40,49707.60,
2003-10-30 00:26:00.000,14119.40,1901.20,49712.80,
2003-10-30 00:27:00.000,14094.10,1885.60,49687.10,
2003-10-30 00:28:00.000,14089.40,1825.40,49654.00,
2003-10-30 00:29:00.000,14093.30,1791.50,49627.70,
2003-10-30 00:30:00.000,14145.70,1818.30,49614.00,
2003-10-30 00:31:00.000,14211.70,1822.40,49616.80,
2003-10-30 00:32:00.000,14242.00,1829.20,49628.80,
2003-10-30 00:33:00.000,14260.90,1854.00,49637.10,
2003-10-30 00:34:00.000,14301.80,1863.60,49645.50,
2003-10-30 00:35:00.000,14243.80,1859.10,49629.90,
2003-10-30 00:36:00.000,14148.90,1843.70,49614.50,
2003-10-30 00:37:00.000,14115.90,1858.00,49609.60,
2003-10-30 00:38:00.000,14120.70,1821.80,49611.80,
2003-10-30 00:39:00.000,14078.10,1813.00,49623.10,
2003-10-30 00:40:00.000,14025.20,1818.70,49627.90,
2003-10-30 00:41:00.000,14002.80,1837.50,49645.80,
2003-10-30 00:42:00.000,14078.00,1846.80,49672.00,
2003-10-30 00:43:00.000,14186.50,1857.10,49685.30,
2003-10-30 00:44:00.000,14209.10,1894.10,49670.80,
2003-10-30 00:45:00.000,14183.50,1915.10,49670.10,
2003-10-30 00:46:00.000,14268.90,1839.10,49655.90,
2003-10-30 00:47:00.000,14315.30,1788.20,49632.10,
2003-10-30 00:48:00.000,14337.40,1795.90,49643.50,
2003-10-30 00:49:00.000,14307.50,1861.70,49623.20,
2003-10-30 00:50:00.000,14331.40,1915.90,49626.30,
2003-10-30 00:51:00.000,14336.90,1952.80,49586.50,
2003-10-30 00:52:00.000,14318.90,1982.10,49576.80,
2003-10-30 00:53:00.000,14298.00,1994.10,49600.60,
2003-10-30 00:54:00.000,14340.10,1978.00,49630.10,
2003-10-30 00:55:00.000,14064.00,1975.20,49510.00,
2003-10-30 00:56:00.000,13949.60,2001.50,49485.30,
2003-10-30 00:57:00.000,14104.50,1951.40,49532.90,
2003-10-30 00:58:00.000,14135.00,1889.30,49604.30,
2003-10-30 00:59:00.000,14125.80,1791.50,49551.50,
2003-10-30 01:00:00.000,14197.60,1733.60,49426.60,
2003-10-30 01:01:00.000,14022.50,1677.80,49323.80,
2003-10-30 01:02:00.000,13674.50,1819.60,49184.80,
2003-10-30 01:03:00.000,13645.70,1992.00,49170.90,
2003-10-30 01:04:00.000,13472.50,1993.20,49381.10,
2003-10-30 01:05:00.000,13354.70,1910.50,49556.00,
2003-10-30 01:06:00.000,13622.20,1828.50,49751.10,
2003-10-30 01:07:00.000,13638.60,1922.70,49904.50,
2003-10-30 01:08:00.000,13501.50,2161.80,49813.00,
2003-10-30 01:09:00.000,13527.40,1925.30,49530.00,
2003-10-30 01:10:00.000,13508.50,2103.50,49276.30,
2003-10-30 01:11:00.000,13478.40,2267.00,49265.70,
2003-10-30 01:12:00.000,13340.50,2313.40,49338.90,
2003-10-30 01:13:00.000,13320.60,2115.20,49337.70,
2003-10-30 01:14:00.000,13473.20,2156.70,49348.60,
2003-10-30 01:15:00.000,13549.40,2031.30,49458.20,
2003-10-30 01:16:00.000,13629.10,2071.20,49418.50,
2003-10-30 01:17:00.000,13519.40,2182.70,49369.10,
2003-10-30 01:18:00.000,13550.30,2199.30,49371.70,
2003-10-30 01:19:00.000,13620.80,2147.80,49351.20,
2003-10-30 01:20:00.000,13508.70,2062.80,49254.00,
2003-10-30 01:21:00.000,13455.20,2012.60,49149.30,
2003-10-30 01:22:00.000,13556.80,2036.40,49040.90,
2003-10-30 01:23:00.000,13669.80,2034.90,49043.40,
2003-10-30 01:24:00.000,13765.10,2000.60,49080.60,
2003-10-30 01:25:00.000,13746.00,1999.40,49144.50,
2003-10-30 01:26:00.000,13842.70,1931.00,49160.80,
2003-10-30 01:27:00.000,13873.30,1951.20,49153.20,
2003-10-30 01:28:00.000,13918.40,1985.10,49139.10,
2003-10-30 01:29:00.000,13823.90,1933.80,49103.40,
2003-10-30 01:30:00.000,13678.10,1918.30,49107.00,
2003-10-30 01:31:00.000,13667.00,1903.40,49104.40,
2003-10-30 01:32:00.000,13805.90,1912.10,49110.30,
2003-10-30 01:33:00.000,13859.40,1811.90,49164.20,
2003-10-30 01:34:00.000,13962.60,1742.70,49137.10,
2003-10-30 01:35:00.000,14067.70,1660.70,49101.20,
2003-10-30 01:36:00.000,14185.30,1676.40,49152.20,
2003-10-30 01:37:00.000,14314.50,1701.60,49190.80,
2003-10-30 01:38:00.000,14378.60,1739.00,49171.60,
2003-10-30 01:39:00.000,14374.20,1748.50,49125.70,
2003-10-30 01:40:00.000,14344.80,1730.60,49086.00,
2003-10-30 01:41:00.000,14341.10,1735.90,49040.30,
2003-10-30 01:42:00.000,14351.20,1724.60,48993.20,
2003-10-30 01:43:00.000,14318.30,1734.60,48986.60,
2003-10-30 01:44:00.000,14449.90,1686.40,48982.90,
2003-10-30 01:45:00.000,14437.10,1671.60,48973.90,
2003-10-30 01:46:00.000,14503.90,1638.90,49015.00,
2003-10-30 01:47:00.000,14465.10,1669.90,49017.90,
2003-10-30 01:48:00.000,14499.60,1680.40,49003.90,
2003-10-30 01:49:00.000,14439.40,1693.70,48974.30,
2003-10-30 01:50:00.000,14364.00,1696.40,48919.80,
2003-10-30 01:51:00.000,14370.10,1688.70,48878.40,
2003-10-30 01:52:00.000,14364.70,1690.40,48840.70,
2003-10-30 01:53:00.000,14431.00,1662.50,48873.30,
2003-10-30 01:54:00.000,14444.70,1653.60,48889.70,
2003-10-30 01:55:00.000,14413.50,1631.20,48880.80,
2003-10-30 01:56:00.000,14372.80,1643.00,48884.50,
2003-10-30 01:57:00.000,14436.30,1642.70,48901.50,
2003-10-30 01:58:00.000,14334.50,1643.50,48874.90,
2003-10-30 01:59:00.000,14292.90,1655.90,48836.80,
2003-10-30 02:00:00.000,14298.10,1646.70,48837.10,
2003-10-30 02:01:00.000,14284.40,1635.20,48854.50,
2003-10-30 02:02:00.000,14217.30,1636.50,48877.00,
2003-10-30 02:03:00.000,14131.50,1623.10,48875.10,
2003-10-30 02:04:00.000,14044.10,1590.70,48852.30,
2003-10-30 02:05:00.000,14042.30,1564.20,48863.50,
2003-10-30 02:06:00.000,14080.10,1538.90,48869.50,
2003-10-30 02:07:00.000,14088.80,1488.10,48844.10,
2003-10-30 02:08:00.000,14108.80,1456.50,48829.30,
2003-10-30 02:09:00.000,14160.10,1498.80,48855.90,
2003-10-30 02:10:00.000,14219.50,1525.30,48910.50,
2003-10-30 02:11:00.000,14247.00,1550.20,48915.10,
2003-10-30 02:12:00.000,14260.40,1560.40,48923.50,
2003-10-30 02:13:00.000,14261.20,1585.80,48928.90,
2003-10-30 02:14:00.000,14310.90,1615.20,48972.90,
2003-10-30 02:15:00.000,14278.20,1635.40,48985.20,
2003-10-30 02:16:00.000,14255.80,1669.30,49003.90,
2003-10-30 02:17:00.000,14275.80,1664.10,49045.50,
2003-10-30 02:18:00.000,14353.30,1681.50,49095.50,
2003-10-30 02:19:00.000,14428.90,1692.20,49114.10,
2003-10-30 02:20:00.000,14443.30,1696.00,49117.00,
2003-10-30 02:21:00.000,14496.90,1680.80,49126.90,
2003-10-30 02:22:00.000,14554.40,1623.90,49109.50,
2003-10-30 02:23:00.000,14527.60,1597.20,49056.80,
2003-10-30 02:24:00.000,14495.60,1580.20,49023.50,
2003-10-30 02:25:00.000,14491.40,1579.40,49024.40,
2003-10-30 02:26:00.000,14467.20,1578.10,49024.00,
2003-10-30 02:27:00.000,14354.60,1595.20,48994.40,
2003-10-30 02:28:00.000,14326.80,1615.80,48982.60,
2003-10-30 02:29:00.000,14362.10,1612.40,48991.30,
2003-10-30 02:30:00.000,14366.30,1608.30,49012.90,
2003-10-30 02:31:00.000,14404.40,1596.60,49017.60,
2003-10-30 02:32:00.000,14410.30,1583.50,49024.20,
2003-10-30 02:33:00.000,14411.60,1575.70,49014.10,
2003-10-30 02:34:00.000,14414.00,1575.50,49016.20,
2003-10-30 02:35:00.000,14409.90,1595.30,49026.70,
2003-10-30 02:36:00.000,14429.60,1634.40,49050.70,
2003-10-30 02:37:00.000,14394.70,1687.70,49009.80,
2003-10-30 02:38:00.000,14432.90,1703.30,49004.00,
2003-10-30 02:39:00.000,14396.60,1669.10,49009.50,
2003-10-30 02:40:00.000,14339.60,1689.90,48982.90,
2003-10-30 02:41:00.000,14264.10,1713.80,48953.00,
2003-10-30 02:42:00.000,14247.40,1710.60,48925.30,
2003-10-30 02:43:00.000,14252.60,1703.30,48902.10,
2003-10-30 02:44:00.000,14272.50,1703.10,48886.10,
2003-10-30 02:45:00.000,14231.00,1702.00,48876.70,
2003-10-30 02:46:00.000,14262.90,1709.20,48891.90,
2003-10-30 02:47:00.000,14259.80,1710.60,48908.60,
2003-10-30 02:48:00.000,14196.30,1675.40,48880.50,
2003-10-30 02:49:00.000,14305.30,1643.50,48938.70,
2003-10-30 02:50:00.000,14525.80,1632.70,49053.30,
2003-10-30 02:51:00.000,14546.70,1651.50,49117.70,
2003-10-30 02:52:00.000,14471.60,1686.80,49122.20,
2003-10-30 02:53:00.000,14375.50,1723.90,49093.00,
2003-10-30 02:54:00.000,14449.50,1679.00,49101.40,
2003-10-30 02:55:00.000,14431.50,1678.20,49092.20,
2003-10-30 02:56:00.000,14403.10,1682.70,49079.70,
2003-10-30 02:57:00.000,14385.80,1669.20,49077.30,
2003-10-30 02:58:00.000,14405.40,1699.70,49103.50,
2003-10-30 02:59:00.000,14334.30,1753.10,49101.10,
2003-10-30 03:00:00.000,14247.60,1774.60,49046.40,
2003-10-30 03:01:00.000,14370.00,1754.30,49107.10,
2003-10-30 03:02:00.000,14376.30,1775.00,49130.50,
2003-10-30 03:03:00.000,14358.60,1736.30,49116.20,
2003-10-30 03:04:00.000,14276.60,1782.00,49161.80,
2003-10-30 03:05:00.000,14389.00,1751.80,49183.60,
2003-10-30 03:06:00.000,14452.20,1740.50,49197.60,
2003-10-30 03:07:00.000,14598.60,1714.10,49243.10,
2003-10-30 03:08:00.000,14544.80,1684.10,49252.50,
2003-10-30 03:09:00.000,14459.30,1694.50,49250.10,
2003-10-30 03:10:00.000,14510.50,1690.70,49269.70,
2003-10-30 03:11:00.000,14522.70,1686.80,49280.50,
2003-10-30 03:12:00.000,14559.20,1665.10,49292.00,
2003-10-30 03:13:00.000,14472.70,1659.40,49276.20,
2003-10-30 03:14:00.000,14379.80,1669.80,49229.00,
2003-10-30 03:15:00.000,14440.40,1692.10,49230.80,
2003-10-30 03:16:00.000,14482.20,1674.90,49248.00,
2003-10-30 03:17:00.000,14443.80,1667.40,49248.00,
2003-10-30 03:18:00.000,14369.90,1696.20,49225.30,
2003-10-30 03:19:00.000,14413.60,1715.30,49225.40,
2003-10-30 03:20:00.000,14505.30,1697.80,49265.50,
2003-10-30 03:21:00.000,14480.10,1725.00,49308.90,
2003-10-30 03:22:00.000,14489.60,1752.40,49306.00,
2003-10-30 03:23:00.000,14583.50,1734.00,49323.10,
2003-10-30 03:24:00.000,14572.30,1740.90,49357.80,
2003-10-30 03:25:00.000,14522.90,1762.60,49365.60,
2003-10-30 03:26:00.000,14570.50,1751.40,49354.20,
2003-10-30 03:27:00.000,14623.10,1724.30,49379.90,
2003-10-30 03:28:00.000,14545.40,1732.40,49399.70,
2003-10-30 03:29:00.000,14522.00,1735.80,49402.60,
2003-10-30 03:30:00.000,14587.90,1729.90,49432.90,
2003-10-30 03:31:00.000,14585.00,1714.00,49458.40,
2003-10-30 03:32:00.000,14596.00,1722.50,49481.40,
2003-10-30 03:33:00.000,14688.10,1713.00,49503.30,
2003-10-30 03:34:00.000,14695.40,1708.60,49513.60,
2003-10-30 03:35:00.000,14671.40,1708.80,49512.80,
2003-10-30 03:36:00.000,14708.60,1708.90,49515.00,
2003-10-30 03:37:00.000,14735.00,1708.60,49526.00,
2003-10-30 03:38:00.000,14704.00,1711.90,49524.90,
2003-10-30 03:39:00.000,14716.50,1714.40,49523.30,
2003-10-30 03:40:00.000,14746.50,1707.40,49524.30,
2003-10-30 03:41:00.000,14743.00,1704.80,49535.00,
2003-10-30 03:42:00.000,14728.60,1707.20,49539.50,
2003-10-30 03:43:00.000,14742.90,1707.50,49542.90,
2003-10-30 03:44:00.000,14727.90,1714.00,49541.40,
2003-10-30 03:45:00.000,14741.80,1710.60,49542.50,
2003-10-30 03:46:00.000,14767.80,1708.10,49560.20,
2003-10-30 03:47:00.000,14759.70,1712.40,49574.10,
2003-10-30 03:48:00.000,14778.70,1697.80,49565.60,
2003-10-30 03:49:00.000,14808.00,1706.60,49570.90,
2003-10-30 03:50:00.000,14801.40,1696.80,49588.60,
2003-10-30 03:51:00.000,14749.80,1702.00,49582.30,
2003-10-30 03:52:00.000,14789.30,1716.10,49590.00,
2003-10-30 03:53:00.000,14795.80,1717.00,49596.60,
2003-10-30 03:54:00.000,14773.90,1711.30,49591.90,
2003-10-30 03:55:00.000,14773.30,1707.00,49590.30,
2003-10-30 03:56:00.000,14770.90,1696.80,49595.00,
2003-10-30 03:57:00.000,14756.40,1697.90,49601.70,
2003-10-30 03:58:00.000,14765.00,1708.50,49606.80,
2003-10-30 03:59:00.000,14779.80,1710.00,49608.70,
2003-10-30 04:00:00.000,14772.20,1704.30,49608.10,
2003-10-30 04:01:00.000,14766.40,1697.20,49607.90,
2003-10-30 04:02:00.000,14768.70,1691.80,49612.80,
2003-10-30 04:03:00.000,14767.40,1699.90,49621.40,
2003-10-30 04:04:00.000,14771.70,1703.60,49635.20,
2003-10-30 04:05:00.000,14772.60,1705.70,49647.40,
2003-10-30 04:06:00.000,14791.50,1707.40,49660.00,
2003-10-30 04:07:00.000,14789.30,1704.00,49663.50,
2003-10-30 04:08:00.000,14783.50,1705.00,49662.00,
2003-10-30 04:09:00.000,14782.90,1709.10,49663.30,
2003-10-30 04:10:00.000,14776.90,1716.40,49663.70,
2003-10-30 04:11:00.000,14803.90,1714.60,49667.50,
2003-10-30 04:12:00.000,14828.60,1710.20,49674.70,
2003-10-30 04:13:00.000,14827.70,1713.00,49683.00,
2003-10-30 04:14:00.000,14825.80,1713.00,49689.10,
2003-10-30 04:15:00.000,14823.80,1711.20,49689.10,
2003-10-30 04:16:00.000,14833.70,1713.50,49694.00,
2003-10-30 04:17:00.000,14832.50,1713.90,49700.70,
2003-10-30 04:18:00.000,14815.20,1716.70,49698.80,
2003-10-30 04:19:00.000,14798.90,1722.40,49699.20,
2003-10-30 04:20:00.000,14805.80,1719.80,49702.00,
2003-10-30 04:21:00.000,14814.70,1714.30,49702.00,
2003-10-30 04:22:00.000,14806.40,1711.90,49697.30,
2003-10-30 04:23:00.000,14796.30,1707.80,49692.60,
2003-10-30 04:24:00.000,14793.20,1706.80,49690.40,
2003-10-30 04:25:00.000,14795.60,1709.30,49688.30,
2003-10-30 04:26:00.000,14798.60,1707.60,49687.50,
2003-10-30 04:27:00.000,14799.70,1703.50,49690.40,
2003-10-30 04:28:00.000,14789.90,1705.10,49692.40,
2003-10-30 04:29:00.000,14779.70,1706.50,49687.30,
2003-10-30 04:30:00.000,14778.20,1702.30,49685.80,
2003-10-30 04:31:00.000,14784.30,1699.70,49689.90,
2003-10-30 04:32:00.000,14787.50,1703.90,49693.70,
2003-10-30 04:33:00.000,14771.20,1703.30,49687.90,
2003-10-30 04:34:00.000,14765.00,1702.10,49687.40,
2003-10-30 04:35:00.000,14764.90,1701.40,49690.40,
2003-10-30 04:36:00.000,14762.40,1699.20,49691.70,
2003-10-30 04:37:00.000,14755.00,1701.00,49693.30,
2003-10-30 04:38:00.000,14758.40,1707.10,49697.50,
2003-10-30 04:39:00.000,14766.20,1706.90,49700.60,
2003-10-30 04:40:00.000,14785.30,1707.20,49708.30,
2003-10-30 04:41:00.000,14801.60,1705.60,49717.00,
2003-10-30 04:42:00.000,14795.60,1707.10,49719.90,
2003-10-30 04:43:00.000,14789.80,1710.60,49721.80,
2003-10-30 04:44:00.000,14796.50,1712.60,49724.30,
2003-10-30 04:45:00.000,14823.80,1711.50,49734.70,
2003-10-30 04:46:00.000,14834.80,1711.30,49738.40,
2003-10-30 04:47:00.000,14829.10,1709.90,49737.20,
2003-10-30 04:48:00.000,14817.60,1720.40,49738.00,
2003-10-30 04:49:00.000,14818.80,1723.50,49737.60,
2003-10-30 04:50:00.000,14821.10,1718.40,49732.90,
2003-10-30 04:51:00.000,14829.90,1711.50,49729.70,
2003-10-30 04:52:00.000,14817.70,1706.20,49722.20,
2003-10-30 04:53:00.000,14808.20,1705.30,49723.90,
2003-10-30 04:54:00.000,14809.40,1702.40,49728.90,
2003-10-30 04:55:00.000,14837.00,1703.20,49745.10,
2003-10-30 04:56:00.000,14854.70,1699.60,49751.70,
2003-10-30 04:57:00.000,14829.30,1704.00,49746.20,
2003-10-30 04:58:00.000,14819.50,1711.80,49740.80,
2003-10-30 04:59:00.000,14820.30,1714.50,49737.80,
2003-10-30 05:00:00.000,14821.30,1711.20,49733.20,
2003-10-30 05:01:00.000,14813.60,1712.40,49728.90,
2003-10-30 05:02:00.000,14805.90,1716.30,49723.60,
2003-10-30 05:03:00.000,14808.00,1715.00,49721.00,
2003-10-30 05:04:00.000,14823.00,1710.20,49723.50,
2003-10-30 05:05:00.000,14825.30,1710.30,49725.60,
2003-10-30 05:06:00.000,14817.70,1709.90,49723.30,
2003-10-30 05:07:00.000,14817.10,1709.40,49722.80,
2003-10-30 05:08:00.000,14818.90,1711.20,49726.20,
2003-10-30 05:09:00.000,14815.50,1713.70,49725.10,
2003-10-30 05:10:00.000,14798.70,1714.90,49715.70,
2003-10-30 05:11:00.000,14784.90,1716.70,49706.20,
2003-10-30 05:12:00.000,14813.10,1717.20,49710.10,
2003-10-30 05:13:00.000,14843.30,1713.70,49721.80,
2003-10-30 05:14:00.000,14829.70,1705.70,49719.10,
2003-10-30 05:15:00.000,14806.60,1707.20,49711.20,
2003-10-30 05:16:00.000,14818.50,1712.80,49712.30,
2003-10-30 05:17:00.000,14841.20,1708.60,49719.20,
2003-10-30 05:18:00.000,14845.40,1696.50,49718.20,
2003-10-30 05:19:00.000,14834.50,1700.40,49714.10,
2003-10-30 05:20:00.000,14838.20,1696.20,49713.40,
2003-10-30 05:21:00.000,14835.50,1683.00,49714.40,
2003-10-30 05:22:00.000,14835.20,1688.90,49718.90,
2003-10-30 05:23:00.000,14837.70,1697.00,49721.70,
2003-10-30 05:24:00.000,14826.20,1704.50,49726.60,
2003-10-30 05:25:00.000,14800.90,1703.70,49721.50,
2003-10-30 05:26:00.000,14831.40,1704.60,49727.20,
2003-10-30 05:27:00.000,14851.80,1697.70,49735.30,
2003-10-30 05:28:00.000,14825.30,1701.60,49729.30,
2003-10-30 05:29:00.000,14831.10,1706.50,49721.10,
2003-10-30 05:30:00.000,14837.80,1697.80,49723.00,
2003-10-30 05:31:00.000,14830.50,1692.70,49731.80,
2003-10-30 05:32:00.000,14833.90,1698.00,49732.40,
2003-10-30 05:33:00.000,14833.60,1702.40,49729.10,
2003-10-30 05:34:00.000,14816.40,1692.70,49718.30,
2003-10-30 05:35:00.000,14792.60,1690.10,49706.80,
2003-10-30 05:36:00.000,14820.60,1698.80,49712.20,
2003-10-30 05:37:00.000,14843.40,1690.60,49721.30,
2003-10-30 05:38:00.000,14842.50,1682.80,49727.20,
2003-10-30 05:39:00.000,14830.60,1690.40,49723.80,
2003-10-30 05:40:00.000,14818.00,1686.80,49718.10,
2003-10-30 05:41:00.000,14813.30,1686.80,49717.80,
2003-10-30 05:42:00.000,14803.00,1692.80,49719.50,
2003-10-30 05:43:00.000,14810.20,1699.60,49718.10,
2003-10-30 05:44:00.000,14839.20,1695.50,49723.70,
2003-10-30 05:45:00.000,14828.90,1687.90,49725.10,
2003-10-30 05:46:00.000,14819.60,1688.00,49720.90,
2003-10-30 05:47:00.000,14831.70,1689.40,49722.80,
2003-10-30 05:48:00.000,14836.80,1685.80,49730.50,
2003-10-30 05:49:00.000,14827.90,1683.90,49730.90,
2003-10-30 05:50:00.000,14826.80,1684.00,49727.60,
2003-10-30 05:51:00.000,14821.90,1680.70,49724.70,
2003-10-30 05:52:00.000,14821.50,1684.60,49724.00,
2003-10-30 05:53:00.000,14833.10,1686.20,49729.00,
2003-10-30 05:54:00.000,14836.60,1682.50,49732.30,
2003-10-30 05:55:00.000,14831.10,1680.00,49731.40,
2003-10-30 05:56:00.000,14827.10,1687.70,49729.10,
2003-10-30 05:57:00.000,14826.60,1682.70,49728.40,
2003-10-30 05:58:00.000,14830.10,1682.80,49730.90,
2003-10-30 05:59:00.000,14834.00,1684.40,49730.90,
2003-10-30 06:00:00.000,14832.60,1683.90,49730.90,
2003-10-30 06:01:00.000,14824.20,1683.10,49730.30,
2003-10-30 06:02:00.000,14820.30,1685.50,49733.60,
2003-10-30 06:03:00.000,14819.40,1690.70,49738.70,
2003-10-30 06:04:00.000,14828.80,1692.30,49744.60,
2003-10-30 06:05:00.000,14826.30,1691.70,49741.90,
2003-10-30 06:06:00.000,14826.00,1693.50,49745.60,
2003-10-30 06:07:00.000,14822.10,1700.20,49755.20,
2003-10-30 06:08:00.000,14830.10,1706.50,49760.30,
2003-10-30 06:09:00.000,14825.80,1711.70,49760.40,
2003-10-30 06:10:00.000,14822.40,1720.40,49757.50,
2003-10-30 06:11:00.000,14816.30,1722.00,49749.70,
2003-10-30 06:12:00.000,14824.30,1719.10,49746.20,
2003-10-30 06:13:00.000,14849.30,1709.80,49746.60,
2003-10-30 06:14:00.000,14842.10,1708.00,49745.20,
2003-10-30 06:15:00.000,14829.10,1709.70,49734.70,
2003-10-30 06:16:00.000,14833.40,1703.60,49729.50,
2003-10-30 06:17:00.000,14836.30,1689.10,49731.70,
2003-10-30 06:18:00.000,14827.30,1689.60,49732.00,
2003-10-30 06:19:00.000,14829.00,1697.20,49732.40,
2003-10-30 06:20:00.000,14827.80,1697.90,49736.70,
2003-10-30 06:21:00.000,14826.90,1696.10,49738.00,
2003-10-30 06:22:00.000,14821.50,1695.10,49734.90,
2003-10-30 06:23:00.000,14821.80,1694.60,49734.00,
2003-10-30 06:24:00.000,14826.40,1697.80,49738.70,
2003-10-30 06:25:00.000,14826.80,1705.60,49743.00,
2003-10-30 06:26:00.000,14828.90,1703.10,49743.50,
2003-10-30 06:27:00.000,14835.90,1704.90,49744.10,
2003-10-30 06:28:00.000,14828.30,1699.80,49739.70,
2003-10-30 06:29:00.000,14822.50,1694.40,49736.30,
2003-10-30 06:30:00.000,14827.30,1702.60,49738.60,
2003-10-30 06:31:00.000,14833.20,1703.10,49741.40,
2003-10-30 06:32:00.000,14831.70,1697.30,49737.50,
2003-10-30 06:33:00.000,14845.70,1695.40,49734.70,
2003-10-30 06:34:00.000,14851.10,1700.30,49739.30,
2003-10-30 06:35:00.000,14825.10,1694.20,49738.20,
2003-10-30 06:36:00.000,14819.20,1689.50,49731.20,
2003-10-30 06:37:00.000,14826.20,1692.30,49730.10,
2003-10-30 06:38:00.000,14825.70,1693.40,49733.60,
2003-10-30 06:39:00.000,14825.50,1690.00,49733.10,
2003-10-30 06:40:00.000,14826.70,1692.70,49734.30,
2003-10-30 06:41:00.000,14825.90,1694.40,49735.90,
2003-10-30 06:42:00.000,14824.50,1694.10,49732.80,
2003-10-30 06:43:00.000,14822.90,1690.90,49727.30,
2003-10-30 06:44:00.000,14820.90,1684.90,49723.60,
2003-10-30 06:45:00.000,14826.00,1690.20,49725.30,
2003-10-30 06:46:00.000,14833.20,1690.60,49728.90,
2003-10-30 06:47:00.000,14832.70,1689.70,49730.60,
2003-10-30 06:48:00.000,14832.70,1686.40,49729.90,
2003-10-30 06:49:00.000,14826.10,1683.00,49727.10,
2003-10-30 06:50:00.000,14822.20,1693.40,49725.00,
2003-10-30 06:51:00.000,14819.50,1690.80,49724.00,
2003-10-30 06:52:00.000,14816.70,1690.60,49725.40,
2003-10-30 06:53:00.000,14836.20,1690.20,49728.70,
2003-10-30 06:54:00.000,14833.50,1685.90,49731.50,
2003-10-30 06:55:00.000,14825.90,1683.70,49729.10,
2003-10-30 06:56:00.000,14830.40,1687.90,49727.50,
2003-10-30 06:57:00.000,14826.10,1693.30,49728.30,
2003-10-30 06:58:00.000,14828.90,1690.00,49725.90,
2003-10-30 06:59:00.000,14829.20,1694.40,49727.50,
2003-10-30 07:00:00.000,14831.30,1689.20,49727.90,
2003-10-30 07:01:00.000,14814.20,1684.80,49723.20,
2003-10-30 07:02:00.000,14823.70,1680.50,49720.00,
2003-10-30 07:03:00.000,14845.60,1678.30,49726.20,
2003-10-30 07:04:00.000,14837.70,1670.90,49727.00,
2003-10-30 07:05:00.000,14835.00,1673.60,49726.20,
2003-10-30 07:06:00.000,14822.30,1684.30,49726.40,
2003-10-30 07:07:00.000,14823.20,1684.20,49723.20,
2003-10-30 07:08:00.000,14830.00,1680.10,49722.40,
2003-10-30 07:09:00.000,14819.00,1686.40,49722.50,
2003-10-30 07:10:00.000,14838.20,1693.40,49726.00,
2003-10-30 07:11:00.000,14832.90,1693.60,49728.10,
2003-10-30 07:12:00.000,14811.90,1683.10,49722.00,
2003-10-30 07:13:00.000,14822.60,1687.80,49719.70,
2003-10-30 07:14:00.000,14842.00,1689.60,49721.70,
2003-10-30 07:15:00.000,14838.50,1677.60,49719.30,
2003-10-30 07:16:00.000,14809.80,1680.70,49716.30,
2003-10-30 07:17:00.000,14812.30,1693.00,49717.50,
2003-10-30 07:18:00.000,14825.30,1688.60,49720.50,
2003-10-30 07:19:00.000,14816.10,1680.80,49717.90,
2003-10-30 07:20:00.000,14821.10,1686.20,49717.00,
2003-10-30 07:21:00.000,14824.40,1689.10,49717.20,
2003-10-30 07:22:00.000,14809.90,1695.30,49715.50,
2003-10-30 07:23:00.000,14816.00,1680.90,49709.80,
2003-10-30 07:24:00.000,14832.20,1678.60,49713.40,
2003-10-30 07:25:00.000,14834.40,1676.10,49718.00,
2003-10-30 07:26:00.000,14819.00,1670.00,49717.70,
2003-10-30 07:27:00.000,14811.80,1673.80,49714.40,
2003-10-30 07:28:00.000,14811.80,1683.10,49713.70,
2003-10-30 07:29:00.000,14820.10,1686.80,49716.80,
2003-10-30 07:30:00.000,14826.10,1678.20,49716.90,
2003-10-30 07:31:00.000,14833.30,1677.50,49721.60,
2003-10-30 07:32:00.000,14818.60,1685.10,49725.00,
2003-10-30 07:33:00.000,14827.20,1686.50,49723.00,
2003-10-30 07:34:00.000,14824.00,1681.40,49723.20,
2003-10-30 07:35:00.000,14821.00,1681.70,49721.60,
2003-10-30 07:36:00.000,14838.10,1689.40,49723.50,
2003-10-30 07:37:00.000,14855.00,1684.80,49728.30,
2003-10-30 07:38:00.000,14826.30,1681.00,49726.20,
2003-10-30 07:39:00.000,14813.80,1681.90,49718.00,
2003-10-30 07:40:00.000,14835.30,1678.80,49716.40,
2003-10-30 07:41:00.000,14831.80,1682.50,49717.60,
2003-10-30 07:42:00.000,14826.20,1682.60,49717.20,
2003-10-30 07:43:00.000,14832.80,1680.10,49717.60,
2003-10-30 07:44:00.000,14841.90,1679.40,49719.00,
2003-10-30 07:45:00.000,14834.50,1673.60,49715.90,
2003-10-30 07:46:00.000,14837.90,1673.90,49712.10,
2003-10-30 07:47:00.000,14835.90,1676.90,49713.50,
2003-10-30 07:48:00.000,14842.80,1666.00,49715.20,
2003-10-30 07:49:00.000,14839.30,1669.10,49717.20,
2003-10-30 07:50:00.000,14832.60,1672.90,49716.20,
2003-10-30 07:51:00.000,14827.20,1672.60,49710.50,
2003-10-30 07:52:00.000,14833.10,1670.30,49706.10,
2003-10-30 07:53:00.000,14833.20,1664.60,49705.40,
2003-10-30 07:54:00.000,14827.40,1663.60,49706.60,
2003-10-30 07:55:00.000,14825.80,1665.20,49709.10,
2003-10-30 07:56:00.000,14831.80,1667.70,49712.80,
2003-10-30 07:57:00.000,14834.40,1675.70,49716.90,
2003-10-30 07:58:00.000,14816.70,1677.10,49715.70,
2003-10-30 07:59:00.000,14821.90,1683.50,49714.80,
2003-10-30 08:00:00.000,14827.80,1681.90,49715.20,
2003-10-30 08:01:00.000,14831.20,1683.10,49710.60,
2003-10-30 08:02:00.000,14836.30,1671.60,49706.00,
2003-10-30 08:03:00.000,14818.60,1671.30,49699.80,
2003-10-30 08:04:00.000,14824.50,1666.60,49695.90,
2003-10-30 08:05:00.000,14842.10,1649.30,49698.80,
2003-10-30 08:06:00.000,14849.90,1645.30,49705.60,
2003-10-30 08:07:00.000,14852.10,1649.40,49711.10,
2003-10-30 08:08:00.000,14851.50,1648.80,49714.70,
2003-10-30 08:09:00.000,14810.70,1657.50,49710.70,
2003-10-30 08:10:00.000,14783.60,1656.60,49698.90,
2003-10-30 08:11:00.000,14799.70,1661.30,49699.10,
2003-10-30 08:12:00.000,14814.30,1670.20,49708.30,
2003-10-30 08:13:00.000,14829.60,1667.10,49707.90,
2003-10-30 08:14:00.000,14849.60,1663.70,49711.50,
2003-10-30 08:15:00.000,14814.80,1662.70,49710.60,
2003-10-30 08:16:00.000,14786.20,1670.60,49701.00,
2003-10-30 08:17:00.000,14819.20,1670.20,49701.00,
2003-10-30 08:18:00.000,14843.80,1669.60,49712.60,
2003-10-30 08:19:00.000,14831.80,1671.40,49716.20,
2003-10-30 08:20:00.000,14820.50,1671.90,49711.00,
2003-10-30 08:21:00.000,14822.70,1674.30,49708.10,
2003-10-30 08:22:00.000,14828.90,1671.30,49706.30,
2003-10-30 08:23:00.000,14828.90,1663.70,49704.70,
2003-10-30 08:24:00.000,14812.20,1664.10,49703.80,
2003-10-30 08:25:00.000,14795.20,1675.70,49699.10,
2003-10-30 08:26:00.000,14824.20,1674.80,49697.60,
2003-10-30 08:27:00.000,14846.40,1659.40,49704.40,
2003-10-30 08:28:00.000,14833.90,1657.30,49712.90,
2003-10-30 08:29:00.000,14813.80,1664.50,49715.10,
2003-10-30 08:30:00.000,14804.60,1669.70,49711.20,
2003-10-30 08:31:00.000,14814.60,1672.40,49709.10,
2003-10-30 08:32:00.000,14835.80,1670.10,49713.00,
2003-10-30 08:33:00.000,14840.20,1668.20,49718.10,
2003-10-30 08:34:00.000,14836.80,1670.10,49721.10,
2003-10-30 08:35:00.000,14834.80,1669.00,49716.20,
2003-10-30 08:36:00.000,14839.30,1662.70,49710.80,
2003-10-30 08:37:00.000,14832.60,1658.90,49713.10,
2003-10-30 08:38:00.000,14825.80,1665.90,49717.80,
2003-10-30 08:39:00.000,14828.20,1673.90,49716.70,
2003-10-30 08:40:00.000,14838.40,1675.10,49712.90,
2003-10-30 08:41:00.000,14835.40,1671.30,49708.60,
2003-10-30 08:42:00.000,14827.80,1668.10,49706.50,
2003-10-30 08:43:00.000,14825.40,1664.30,49709.40,
2003-10-30 08:44:00.000,14825.50,1665.10,49712.30,
2003-10-30 08:45:00.000,14835.80,1665.80,49713.00,
2003-10-30 08:46:00.000,14827.30,1666.50,49713.50,
2003-10-30 08:47:00.000,14820.50,1668.40,49712.40,
2003-10-30 08:48:00.000,14846.00,1663.50,49713.70,
2003-10-30 08:49:00.000,14850.00,1666.20,49719.10,
2003-10-30 08:50:00.000,14834.60,1670.40,49718.90,
2003-10-30 08:51:00.000,14823.50,1671.20,49713.90,
2003-10-30 08:52:00.000,14827.10,1668.50,49712.70,
2003-10-30 08:53:00.000,14818.00,1669.70,49711.70,
2003-10-30 08:54:00.000,14824.10,1674.10,49709.70,
2003-10-30 08:55:00.000,14839.50,1674.10,49708.90,
2003-10-30 08:56:00.000,14847.20,1667.00,49709.10,
2003-10-30 08:57:00.000,14848.10,1667.40,49710.60,
2003-10-30 08:58:00.000,14841.10,1671.40,49711.60,
2003-10-30 08:59:00.000,14830.40,1671.90,49707.30,
2003-10-30 09:00:00.000,14832.20,1672.70,49703.80,
2003-10-30 09:01:00.000,14825.50,1668.60,49698.40,
2003-10-30 09:02:00.000,14854.30,1662.50,49697.10,
2003-10-30 09:03:00.000,14845.20,1655.80,49701.80,
2003-10-30 09:04:00.000,14823.00,1654.90,49701.40,
2003-10-30 09:05:00.000,14821.00,1656.40,49701.50,
2003-10-30 09:06:00.000,14815.10,1663.80,49706.50,
2003-10-30 09:07:00.000,14820.30,1670.50,49709.40,
2003-10-30 09:08:00.000,14825.50,1673.60,49708.60,
2003-10-30 09:09:00.000,14833.20,1675.40,49706.70,
2003-10-30 09:10:00.000,14843.60,1668.20,49704.70,
2003-10-30 09:11:00.000,14843.40,1662.20,49702.40,
2003-10-30 09:12:00.000,14844.30,1660.50,49702.90,
2003-10-30 09:13:00.000,14834.80,1661.20,49704.50,
2003-10-30 09:14:00.000,14826.80,1664.30,49704.30,
2003-10-30 09:15:00.000,14820.80,1663.80,49701.20,
2003-10-30 09:16:00.000,14819.60,1661.80,49698.90,
2003-10-30 09:17:00.000,14824.20,1660.30,49699.50,
2003-10-30 09:18:00.000,14823.20,1662.30,49701.80,
2003-10-30 09:19:00.000,14833.10,1665.00,49705.80,
2003-10-30 09:20:00.000,14837.80,1665.60,49711.80,
2003-10-30 09:21:00.000,14829.20,1664.90,49712.20,
2003-10-30 09:22:00.000,14822.80,1665.10,49707.20,
2003-10-30 09:23:00.000,14827.30,1665.90,49705.70,
2003-10-30 09:24:00.000,14823.30,1671.80,49707.60,
2003-10-30 09:25:00.000,14817.40,1669.10,49702.40,
2003-10-30 09:26:00.000,14849.40,1662.60,49705.40,
2003-10-30 09:27:00.000,14838.90,1665.80,49711.80,
2003-10-30 09:28:00.000,14829.20,1671.80,49711.70,
2003-10-30 09:29:00.000,14836.00,1672.10,49708.80,
2003-10-30 09:30:00.000,14826.90,1673.00,49705.60,
2003-10-30 09:31:00.000,14828.40,1667.70,49699.20,
2003-10-30 09:32:00.000,14849.40,1661.50,49699.70,
2003-10-30 09:33:00.000,14843.50,1658.30,49706.00,
2003-10-30 09:34:00.000,14836.30,1659.20,49708.60,
2003-10-30 09:35:00.000,14841.20,1656.60,49711.60,
2003-10-30 09:36:00.000,14843.80,1657.60,49715.40,
2003-10-30 09:37:00.000,14842.30,1668.50,49717.70,
2003-10-30 09:38:00.000,14829.00,1676.10,49715.50,
2003-10-30 09:39:00.000,14831.80,1675.40,49712.00,
2003-10-30 09:40:00.000,14841.30,1669.60,49710.60,
2003-10-30 09:41:00.000,14839.30,1668.50,49710.30,
2003-10-30 09:42:00.000,14844.20,1666.60,49709.90,
2003-10-30 09:43:00.000,14850.00,1664.60,49709.50,
2003-10-30 09:44:00.000,14838.90,1665.40,49709.30,
2003-10-30 09:45:00.000,14821.50,1671.70,49707.20,
2003-10-30 09:46:00.000,14809.00,1671.20,49702.80,
2003-10-30 09:47:00.000,14825.50,1666.80,49701.90,
2003-10-30 09:48:00.000,14838.60,1664.90,49705.50,
2003-10-30 09:49:00.000,14839.80,1664.60,49708.40,
2003-10-30 09:50:00.000,14840.20,1664.50,49710.00,
2003-10-30 09:51:00.000,14842.80,1665.70,49711.00,
2003-10-30 09:52:00.000,14838.10,1667.90,49712.00,
2003-10-30 09:53:00.000,14837.10,1668.30,49710.80,
2003-10-30 09:54:00.000,14836.80,1668.70,49711.40,
2003-10-30 09:55:00.000,14825.30,1671.70,49712.40,
2003-10-30 09:56:00.000,14826.00,1673.30,49710.60,
2003-10-30 09:57:00.000,14831.80,1673.20,49708.90,
2003-10-30 09:58:00.000,14833.30,1673.30,49709.60,
2003-10-30 09:59:00.000,14836.30,1672.60,49709.20,
2003-10-30 10:00:00.000,14838.70,1672.50,49708.60,
2003-10-30 10:01:00.000,14834.70,1673.60,49707.20,
2003-10-30 10:02:00.000,14830.00,1672.90,49703.70,
2003-10-30 10:03:00.000,14828.70,1669.60,49700.30,
2003-10-30 10:04:00.000,14833.10,1666.30,49700.30,
2003-10-30 10:05:00.000,14831.90,1669.20,49703.10,
2003-10-30 10:06:00.000,14828.50,1673.30,49704.10,
2003-10-30 10:07:00.000,14830.00,1671.60,49702.20,
2003-10-30 10:08:00.000,14837.70,1666.30,49701.00,
2003-10-30 10:09:00.000,14842.30,1665.00,49703.00,
2003-10-30 10:10:00.000,14834.60,1666.60,49703.10,
2003-10-30 10:11:00.000,14834.20,1668.90,49702.50,
2003-10-30 10:12:00.000,14831.90,1670.00,49701.80,
2003-10-30 10:13:00.000,14834.70,1665.30,49699.90,
2003-10-30 10:14:00.000,14841.80,1663.10,49701.90,
2003-10-30 10:15:00.000,14840.60,1665.60,49706.50,
2003-10-30 10:16:00.000,14837.10,1666.90,49707.50,
2003-10-30 10:17:00.000,14832.50,1668.10,49704.20,
2003-10-30 10:18:00.000,14826.80,1670.70,49700.90,
2003-10-30 10:19:00.000,14824.30,1672.50,49699.70,
2003-10-30 10:20:00.000,14822.10,1666.90,49697.60,
2003-10-30 10:21:00.000,14833.90,1663.60,49698.90,
2003-10-30 10:22:00.000,14829.10,1667.50,49703.30,
2003-10-30 10:23:00.000,14823.20,1667.80,49702.30,
2003-10-30 10:24:00.000,14834.50,1668.80,49703.80,
2003-10-30 10:25:00.000,14843.00,1669.60,49708.40,
2003-10-30 10:26:00.000,14829.20,1670.40,49707.60,
2003-10-30 10:27:00.000,14833.30,1673.30,49706.60,
2003-10-30 10:28:00.000,14832.30,1678.90,49708.30,
2003-10-30 10:29:00.000,14842.60,1678.50,49708.40,
2003-10-30 10:30:00.000,14841.00,1676.50,49708.90,
2003-10-30 10:31:00.000,14797.50,1674.60,49701.50,
2003-10-30 10:32:00.000,14797.60,1688.70,49699.60,
2003-10-30 10:33:00.000,14803.80,1679.90,49696.40,
2003-10-30 10:34:00.000,14847.90,1674.30,49696.20,
2003-10-30 10:35:00.000,14865.90,1684.00,49706.90,
2003-10-30 10:36:00.000,14866.10,1683.80,49710.30,
2003-10-30 10:37:00.000,14876.80,1668.60,49708.60,
2003-10-30 10:38:00.000,14878.80,1657.50,49710.50,
2003-10-30 10:39:00.000,14886.00,1650.90,49710.40,
2003-10-30 10:40:00.000,14902.40,1659.80,49717.30,
2003-10-30 10:41:00.000,14857.40,1664.60,49714.00,
2003-10-30 10:42:00.000,14850.20,1663.60,49703.60,
2003-10-30 10:43:00.000,14838.40,1663.50,49702.50,
2003-10-30 10:44:00.000,14826.50,1656.00,49697.20,
2003-10-30 10:45:00.000,14853.70,1659.20,49700.10,
2003-10-30 10:46:00.000,14844.70,1667.00,49707.30,
2003-10-30 10:47:00.000,14830.00,1664.70,49704.50,
2003-10-30 10:48:00.000,14852.00,1656.40,49702.00,
2003-10-30 10:49:00.000,14862.30,1659.20,49707.90,
2003-10-30 10:50:00.000,14841.40,1655.50,49706.90,
2003-10-30 10:51:00.000,14865.10,1655.90,49705.60,
2003-10-30 10:52:00.000,14818.20,1664.90,49707.50,
2003-10-30 10:53:00.000,14846.90,1654.30,49699.50,
2003-10-30 10:54:00.000,14879.20,1657.30,49710.50,
2003-10-30 10:55:00.000,14832.20,1660.50,49712.20,
2003-10-30 10:56:00.000,14827.10,1658.80,49702.70,
2003-10-30 10:57:00.000,14839.60,1654.70,49706.20,
2003-10-30 10:58:00.000,14853.00,1658.30,49714.20,
2003-10-30 10:59:00.000,14850.80,1668.70,49717.50,
2003-10-30 11:00:00.000,14825.20,1663.50,49712.20,
2003-10-30 11:01:00.000,14837.80,1668.40,49712.20,
2003-10-30 11:02:00.000,14826.60,1669.80,49711.10,
2003-10-30 11:03:00.000,14833.80,1667.80,49706.10,
2003-10-30 11:04:00.000,14830.60,1663.10,49703.60,
2003-10-30 11:05:00.000,14820.00,1662.30,49702.30,
2003-10-30 11:06:00.000,14827.40,1664.80,49702.20,
2003-10-30 11:07:00.000,14827.00,1664.60,49702.60,
2003-10-30 11:08:00.000,14831.70,1663.40,49703.50,
2003-10-30 11:09:00.000,14852.00,1661.40,49706.60,
2003-10-30 11:10:00.000,14859.00,1662.20,49713.50,
2003-10-30 11:11:00.000,14849.90,1663.00,49715.30,
2003-10-30 11:12:00.000,14832.50,1664.10,49714.20,
2003-10-30 11:13:00.000,14820.10,1669.00,49710.10,
2003-10-30 11:14:00.000,14858.70,1669.50,49712.40,
2003-10-30 11:15:00.000,14883.30,1659.30,49716.90,
2003-10-30 11:16:00.000,14845.80,1662.40,49714.50,
2003-10-30 11:17:00.000,14843.00,1662.60,49709.10,
2003-10-30 11:18:00.000,14855.60,1660.20,49713.00,
2003-10-30 11:19:00.000,14860.50,1653.50,49715.80,
2003-10-30 11:20:00.000,14858.40,1657.10,49716.40,
2003-10-30 11:21:00.000,14854.70,1659.10,49715.70,
2003-10-30 11:22:00.000,14856.10,1660.10,49714.50,
2003-10-30 11:23:00.000,14864.20,1658.80,49713.60,
2003-10-30 11:24:00.000,14871.30,1660.60,49714.50,
2003-10-30 11:25:00.000,14871.20,1652.20,49715.10,
2003-10-30 11:26:00.000,14849.40,1653.70,49713.90,
2003-10-30 11:27:00.000,14835.20,1663.20,49711.90,
2003-10-30 11:28:00.000,14844.20,1660.90,49711.10,
2003-10-30 11:29:00.000,14868.20,1651.60,49713.30,
2003-10-30 11:30:00.000,14865.50,1658.40,49716.20,
2003-10-30 11:31:00.000,14864.40,1660.10,49714.10,
2003-10-30 11:32:00.000,14866.20,1658.80,49713.30,
2003-10-30 11:33:00.000,14837.20,1655.40,49710.10,
2003-10-30 11:34:00.000,14841.20,1656.40,49707.10,
2003-10-30 11:35:00.000,14841.20,1659.30,49709.40,
2003-10-30 11:36:00.000,14867.20,1654.20,49712.50,
2003-10-30 11:37:00.000,14885.50,1648.60,49718.30,
2003-10-30 11:38:00.000,14866.60,1655.40,49719.80,
2003-10-30 11:39:00.000,14855.00,1657.30,49716.20,
2003-10-30 11:40:00.000,14864.70,1656.40,49712.90,
2003-10-30 11:41:00.000,14876.40,1651.50,49714.60,
2003-10-30 11:42:00.000,14872.80,1648.20,49716.10,
2003-10-30 11:43:00.000,14870.20,1648.50,49716.30,
2003-10-30 11:44:00.000,14847.50,1659.30,49716.00,
2003-10-30 11:45:00.000,14857.20,1652.30,49712.60,
2003-10-30 11:46:00.000,14903.80,1650.00,49722.90,
2003-10-30 11:47:00.000,14915.20,1648.90,49732.70,
2003-10-30 11:48:00.000,14911.80,1647.60,49732.10,
2003-10-30 11:49:00.000,14894.50,1651.50,49731.60,
2003-10-30 11:50:00.000,14855.40,1650.60,49724.00,
2003-10-30 11:51:00.000,14850.30,1652.20,49714.20,
2003-10-30 11:52:00.000,14863.50,1643.60,49712.80,
2003-10-30 11:53:00.000,14906.90,1641.60,49720.80,
2003-10-30 11:54:00.000,14904.10,1645.80,49727.20,
2003-10-30 11:55:00.000,14858.50,1642.60,49721.60,
2003-10-30 11:56:00.000,14868.00,1647.10,49721.30,
2003-10-30 11:57:00.000,14865.10,1646.80,49725.20,
2003-10-30 11:58:00.000,14866.70,1654.40,49727.10,
2003-10-30 11:59:00.000,14866.50,1664.20,49727.80,
2003-10-30 12:00:00.000,14856.70,1664.10,49726.20,
2003-10-30 12:01:00.000,14824.90,1657.20,49715.80,
2003-10-30 12:02:00.000,14862.70,1647.40,49712.20,
2003-10-30 12:03:00.000,14920.10,1641.70,49723.30,
2003-10-30 12:04:00.000,14910.90,1643.40,49730.10,
2003-10-30 12:05:00.000,14885.90,1647.50,49727.80,
2003-10-30 12:06:00.000,14878.60,1649.90,49728.70,
2003-10-30 12:07:00.000,14852.50,1642.60,49723.50,
2003-10-30 12:08:00.000,14859.10,1643.20,49721.50,
2003-10-30 12:09:00.000,14861.80,1640.20,49720.80,
2003-10-30 12:10:00.000,14881.20,1637.30,49723.50,
2003-10-30 12:11:00.000,14850.50,1647.80,49723.90,
2003-10-30 12:12:00.000,14830.60,1656.20,49719.60,
2003-10-30 12:13:00.000,14861.10,1654.10,49721.40,
2003-10-30 12:14:00.000,14884.20,1646.40,49729.50,
2003-10-30 12:15:00.000,14865.20,1646.80,49731.60,
2003-10-30 12:16:00.000,14865.90,1648.70,49731.40,
2003-10-30 12:17:00.000,14873.30,1649.10,49735.20,
2003-10-30 12:18:00.000,14849.10,1651.80,49733.60,
2003-10-30 12:19:00.000,14818.80,1654.80,49725.40,
2003-10-30 12:20:00.000,14807.30,1657.00,49718.40,
2003-10-30 12:21:00.000,14814.50,1659.60,49718.30,
2003-10-30 12:22:00.000,14834.20,1658.50,49723.00,
2003-10-30 12:23:00.000,14858.00,1656.00,49729.30,
2003-10-30 12:24:00.000,14864.40,1656.20,49734.20,
2003-10-30 12:25:00.000,14862.50,1658.00,49735.20,
2003-10-30 12:26:00.000,14863.70,1662.40,49736.40,
2003-10-30 12:27:00.000,14871.00,1662.60,49739.00,
2003-10-30 12:28:00.000,14889.30,1660.30,49742.70,
2003-10-30 12:29:00.000,14897.30,1656.40,49746.30,
2003-10-30 12:30:00.000,14897.90,1657.10,49748.50,
2003-10-30 12:31:00.000,14892.00,1659.30,49747.60,
2003-10-30 12:32:00.000,14884.50,1658.80,49744.50,
2003-10-30 12:33:00.000,14889.20,1658.40,49744.30,
2003-10-30 12:34:00.000,14890.50,1658.70,49746.10,
2003-10-30 12:35:00.000,14889.80,1657.00,49745.70,
2003-10-30 12:36:00.000,14886.50,1659.60,49745.10,
2003-10-30 12:37:00.000,14877.20,1661.00,49743.60,
2003-10-30 12:38:00.000,14863.70,1660.90,49739.10,
2003-10-30 12:39:00.000,14864.70,1662.70,49738.40,
2003-10-30 12:40:00.000,14879.30,1658.90,49740.50,
2003-10-30 12:41:00.000,14900.20,1657.20,49745.30,
2003-10-30 12:42:00.000,14911.20,1656.40,49750.20,
2003-10-30 12:43:00.000,14906.00,1658.10,49750.60,
2003-10-30 12:44:00.000,14894.40,1664.60,49750.20,
2003-10-30 12:45:00.000,14882.00,1667.90,49748.10,
2003-10-30 12:46:00.000,14879.50,1669.40,49747.10,
2003-10-30 12:47:00.000,14872.80,1666.80,49745.70,
2003-10-30 12:48:00.000,14886.80,1663.60,49747.00,
2003-10-30 12:49:00.000,14895.40,1661.10,49750.20,
2003-10-30 12:50:00.000,14900.00,1659.50,49752.70,
2003-10-30 12:51:00.000,14884.20,1663.50,49752.80,
2003-10-30 12:52:00.000,14859.50,1673.20,49750.60,
2003-10-30 12:53:00.000,14854.80,1675.40,49749.10,
2003-10-30 12:54:00.000,14883.10,1671.90,49751.90,
2003-10-30 12:55:00.000,14885.40,1666.10,49751.40,
2003-10-30 12:56:00.000,14888.90,1666.70,49751.90,
2003-10-30 12:57:00.000,14892.50,1669.40,49754.10,
2003-10-30 12:58:00.000,14897.90,1671.00,49758.80,
2003-10-30 12:59:00.000,14897.70,1673.00,49762.50,
2003-10-30 13:00:00.000,14896.10,1674.40,49764.80,
2003-10-30 13:01:00.000,14892.90,1675.40,49766.30,
2003-10-30 13:02:00.000,14902.50,1677.60,49770.50,
2003-10-30 13:03:00.000,14894.80,1682.70,49773.00,
2003-10-30 13:04:00.000,14884.00,1679.40,49772.00,
2003-10-30 13:05:00.000,14890.10,1681.10,49771.30,
2003-10-30 13:06:00.000,14897.60,1686.10,49778.70,
2003-10-30 13:07:00.000,14899.60,1687.50,49788.30,
2003-10-30 13:08:00.000,14909.60,1694.60,49793.40,
2003-10-30 13:09:00.000,14913.50,1707.50,49797.40,
2003-10-30 13:10:00.000,14917.50,1711.60,49798.80,
2003-10-30 13:11:00.000,14924.40,1708.60,49799.70,
2003-10-30 13:12:00.000,14927.10,1710.40,49803.60,
2003-10-30 13:13:00.000,14927.40,1708.20,49805.20,
2003-10-30 13:14:00.000,14910.60,1705.90,49801.30,
2003-10-30 13:15:00.000,14904.40,1708.40,49797.20,
2003-10-30 13:16:00.000,14921.20,1711.80,49797.40,
2003-10-30 13:17:00.000,14926.80,1711.10,49797.30,
2003-10-30 13:18:00.000,14934.10,1711.40,49794.20,
2003-10-30 13:19:00.000,14942.00,1711.80,49790.90,
2003-10-30 13:20:00.000,14946.10,1711.90,49793.10,
2003-10-30 13:21:00.000,14931.70,1713.30,49795.00,
2003-10-30 13:22:00.000,14926.20,1709.60,49790.80,
2003-10-30 13:23:00.000,14927.10,1705.00,49786.40,
2003-10-30 13:24:00.000,14931.70,1697.40,49780.40,
2003-10-30 13:25:00.000,14936.20,1701.00,49779.20,
2003-10-30 13:26:00.000,14934.30,1694.00,49778.10,
2003-10-30 13:27:00.000,14941.30,1692.50,49779.40,
2003-10-30 13:28:00.000,14947.60,1698.50,49783.20,
2003-10-30 13:29:00.000,14951.30,1702.90,49786.40,
2003-10-30 13:30:00.000,14951.10,1702.00,49785.70,
2003-10-30 13:31:00.000,14946.00,1693.90,49777.80,
2003-10-30 13:32:00.000,14940.00,1681.50,49773.00,
2003-10-30 13:33:00.000,14929.30,1677.70,49773.50,
2003-10-30 13:34:00.000,14920.10,1678.00,49770.70,
2003-10-30 13:35:00.000,14921.50,1674.90,49770.00,
2003-10-30 13:36:00.000,14905.50,1676.50,49770.90,
2003-10-30 13:37:00.000,14898.90,1679.20,49771.50,
2003-10-30 13:38:00.000,14894.00,1684.50,49770.90,
2003-10-30 13:39:00.000,14891.00,1690.00,49770.40,
2003-10-30 13:40:00.000,14891.10,1693.90,49769.70,
2003-10-30 13:41:00.000,14892.10,1695.10,49769.90,
2003-10-30 13:42:00.000,14895.70,1693.90,49769.70,
2003-10-30 13:43:00.000,14900.70,1695.40,49768.40,
2003-10-30 13:44:00.000,14895.90,1697.90,49766.90,
2003-10-30 13:45:00.000,14892.20,1694.90,49761.40,
2003-10-30 13:46:00.000,14883.70,1695.40,49755.00,
2003-10-30 13:47:00.000,14881.10,1693.80,49752.90,
2003-10-30 13:48:00.000,14889.40,1696.50,49756.80,
2003-10-30 13:49:00.000,14890.70,1695.50,49759.30,
2003-10-30 13:50:00.000,14879.50,1693.60,49756.70,
2003-10-30 13:51:00.000,14881.50,1692.00,49752.70,
2003-10-30 13:52:00.000,14900.90,1690.10,49753.90,
2003-10-30 13:53:00.000,14915.80,1690.40,49759.10,
2003-10-30 13:54:00.000,14894.30,1689.20,49757.20,
2003-10-30 13:55:00.000,14878.00,1689.30,49750.30,
2003-10-30 13:56:00.000,14881.00,1685.70,49746.10,
2003-10-30 13:57:00.000,14873.90,1688.00,49748.00,
2003-10-30 13:58:00.000,14870.90,1687.80,49751.20,
2003-10-30 13:59:00.000,14865.80,1688.70,49751.70,
2003-10-30 14:00:00.000,14868.60,1691.50,49754.10,
2003-10-30 14:01:00.000,14872.80,1698.50,49758.70,
2003-10-30 14:02:00.000,14872.50,1698.90,49760.60,
2003-10-30 14:03:00.000,14877.30,1700.60,49760.50,
2003-10-30 14:04:00.000,14888.90,1695.00,49760.10,
2003-10-30 14:05:00.000,14892.70,1692.80,49763.80,
2003-10-30 14:06:00.000,14888.30,1689.30,49762.10,
2003-10-30 14:07:00.000,14885.70,1686.70,49757.40,
2003-10-30 14:08:00.000,14872.70,1687.70,49750.90,
2003-10-30 14:09:00.000,14873.20,1687.20,49746.20,
2003-10-30 14:10:00.000,14853.50,1683.20,49742.80,
2003-10-30 14:11:00.000,14857.50,1673.20,49743.20,
2003-10-30 14:12:00.000,14879.80,1674.40,49751.10,
2003-10-30 14:13:00.000,14891.00,1690.50,49764.30,
2003-10-30 14:14:00.000,14885.60,1696.90,49768.90,
2003-10-30 14:15:00.000,14874.70,1697.30,49766.10,
2003-10-30 14:16:00.000,14861.60,1689.90,49759.60,
2003-10-30 14:17:00.000,14867.70,1694.50,49765.80,
2003-10-30 14:18:00.000,14863.60,1691.30,49773.90,
2003-10-30 14:19:00.000,14858.60,1688.40,49775.30,
2003-10-30 14:20:00.000,14866.80,1694.00,49778.00,
2003-10-30 14:21:00.000,14871.90,1700.40,49784.90,
2003-10-30 14:22:00.000,14860.00,1710.30,49791.60,
2003-10-30 14:23:00.000,14851.60,1718.40,49795.70,
2003-10-30 14:24:00.000,14865.60,1719.20,49795.40,
2003-10-30 14:25:00.000,14876.90,1723.90,49797.00,
2003-10-30 14:26:00.000,14885.20,1722.50,49799.80,
2003-10-30 14:27:00.000,14883.40,1722.60,49798.60,
2003-10-30 14:28:00.000,14888.20,1721.00,49797.10,
2003-10-30 14:29:00.000,14885.50,1715.30,49794.30,
2003-10-30 14:30:00.000,14872.30,1717.90,49792.00,
2003-10-30 14:31:00.000,14893.00,1717.60,49794.20,
2003-10-30 14:32:00.000,14902.60,1712.10,49794.90,
2003-10-30 14:33:00.000,14891.70,1706.80,49792.40,
2003-10-30 14:34:00.000,14884.80,1710.20,49792.70,
2003-10-30 14:35:00.000,14885.20,1699.00,49790.10,
2003-10-30 14:36:00.000,14873.20,1692.60,49790.10,
2003-10-30 14:37:00.000,14874.50,1692.90,49795.90,
2003-10-30 14:38:00.000,14878.10,1690.10,49801.30,
2003-10-30 14:39:00.000,14867.90,1689.90,49803.50,
2003-10-30 14:40:00.000,14866.10,1697.80,49809.30,
2003-10-30 14:41:00.000,14874.10,1708.10,49818.80,
2003-10-30 14:42:00.000,14884.50,1720.40,49830.10,
2003-10-30 14:43:00.000,14897.50,1723.80,49834.70,
2003-10-30 14:44:00.000,14902.30,1724.20,49830.50,
2003-10-30 14:45:00.000,14904.50,1715.40,49822.90,
2003-10-30 14:46:00.000,14889.10,1703.80,49815.00,
2003-10-30 14:47:00.000,14888.90,1707.00,49817.00,
2003-10-30 14:48:00.000,14889.90,1706.90,49816.20,
2003-10-30 14:49:00.000,14877.60,1702.20,49807.80,
2003-10-30 14:50:00.000,14864.10,1700.90,49800.30,
2003-10-30 14:51:00.000,14868.60,1699.50,49799.20,
2003-10-30 14:52:00.000,14875.10,1695.30,49802.60,
2003-10-30 14:53:00.000,14869.80,1692.10,49804.50,
2003-10-30 14:54:00.000,14855.10,1698.80,49803.60,
2003-10-30 14:55:00.000,14860.70,1701.10,49802.60,
2003-10-30 14:56:00.000,14867.20,1694.70,49800.30,
2003-10-30 14:57:00.000,14855.80,1698.90,49801.70,
2003-10-30 14:58:00.000,14847.00,1705.60,49803.60,
2003-10-30 14:59:00.000,14852.50,1713.40,49804.60,
2003-10-30 15:00:00.000,14859.30,1715.00,49802.70,
2003-10-30 15:01:00.000,14857.30,1713.60,49798.30,
2003-10-30 15:02:00.000,14856.80,1711.60,49793.40,
2003-10-30 15:03:00.000,14854.10,1710.50,49789.40,
2003-10-30 15:04:00.000,14852.80,1707.20,49787.40,
2003-10-30 15:05:00.000,14849.80,1708.50,49786.80,
2003-10-30 15:06:00.000,14843.30,1713.30,49785.90,
2003-10-30 15:07:00.000,14844.60,1712.60,49784.20,
2003-10-30 15:08:00.000,14842.80,1711.30,49783.00,
2003-10-30 15:09:00.000,14847.50,1713.90,49786.30,
2003-10-30 15:10:00.000,14851.30,1713.10,49787.60,
2003-10-30 15:11:00.000,14848.30,1714.30,49786.60,
2003-10-30 15:12:00.000,14845.00,1717.50,49786.30,
2003-10-30 15:13:00.000,14843.30,1721.40,49786.60,
2003-10-30 15:14:00.000,14849.70,1722.80,49786.00,
2003-10-30 15:15:00.000,14851.20,1717.70,49781.80,
2003-10-30 15:16:00.000,14842.60,1712.70,49776.70,
2003-10-30 15:17:00.000,14843.60,1714.90,49776.40,
2003-10-30 15:18:00.000,14848.80,1712.50,49777.10,
2003-10-30 15:19:00.000,14839.10,1713.30,49775.90,
2003-10-30 15:20:00.000,14844.80,1713.90,49775.30,
2003-10-30 15:21:00.000,14847.70,1708.50,49772.20,
2003-10-30 15:22:00.000,14840.40,1707.40,49769.90,
2003-10-30 15:23:00.000,14840.60,1708.50,49770.20,
2003-10-30 15:24:00.000,14842.40,1706.40,49770.90,
2003-10-30 15:25:00.000,14844.00,1705.00,49772.10,
2003-10-30 15:26:00.000,14843.70,1702.80,49772.90,
2003-10-30 15:27:00.000,14845.30,1703.80,49774.20,
2003-10-30 15:28:00.000,14852.70,1703.80,49774.60,
2003-10-30 15:29:00.000,14855.60,1702.40,49774.80,
2003-10-30 15:30:00.000,14857.10,1702.70,49774.50,
2003-10-30 15:31:00.000,14857.20,1702.90,49774.40,
2003-10-30 15:32:00.000,14849.60,1695.30,49770.60,
2003-10-30 15:33:00.000,14846.20,1713.30,49776.30,
2003-10-30 15:34:00.000,14852.50,1702.20,49777.40,
2003-10-30 15:35:00.000,14850.90,1715.20,49784.10,
2003-10-30 15:36:00.000,14866.90,1714.00,49790.40,
2003-10-30 15:37:00.000,14869.40,1712.60,49795.70,
2003-10-30 15:38:00.000,14865.70,1708.20,49797.20,
2003-10-30 15:39:00.000,14867.40,1711.10,49799.50,
2003-10-30 15:40:00.000,14872.90,1706.00,49801.90,
2003-10-30 15:41:00.000,14859.00,1713.00,49806.30,
2003-10-30 15:42:00.000,14856.20,1731.50,49815.60,
2003-10-30 15:43:00.000,14862.20,1746.90,49822.00,
2003-10-30 15:44:00.000,14880.70,1764.40,49821.00,
2003-10-30 15:45:00.000,14893.20,1756.20,49803.00,
2003-10-30 15:46:00.000,14886.90,1742.50,49784.80,
2003-10-30 15:47:00.000,14883.20,1731.70,49776.90,
2003-10-30 15:48:00.000,14895.00,1731.80,49778.10,
2003-10-30 15:49:00.000,14891.00,1711.00,49773.10,
2003-10-30 15:50:00.000,14871.90,1710.00,49773.20,
2003-10-30 15:51:00.000,14882.00,1713.80,49778.20,
2003-10-30 15:52:00.000,14874.60,1715.10,49782.70,
2003-10-30 15:53:00.000,14862.50,1732.70,49791.00,
2003-10-30 15:54:00.000,14885.50,1766.60,49798.80,
2003-10-30 15:55:00.000,14900.90,1759.30,49789.90,
2003-10-30 15:56:00.000,14897.00,1755.10,49780.80,
2003-10-30 15:57:00.000,14916.90,1745.00,49777.50,
2003-10-30 15:58:00.000,14909.50,1726.30,49769.30,
2003-10-30 15:59:00.000,14897.40,1710.50,49761.90,
2003-10-30 16:00:00.000,14882.10,1706.70,49767.50,
2003-10-30 16:01:00.000,14875.60,1726.50,49785.70,
2003-10-30 16:02:00.000,14869.20,1762.80,49800.10,
2003-10-30 16:03:00.000,14869.60,1784.40,49789.60,
2003-10-30 16:04:00.000,14882.10,1775.30,49775.70,
2003-10-30 16:05:00.000,14883.90,1765.60,49764.20,
2003-10-30 16:06:00.000,14895.80,1764.80,49755.80,
2003-10-30 16:07:00.000,14910.30,1749.90,49741.50,
2003-10-30 16:08:00.000,14906.70,1722.90,49721.70,
2003-10-30 16:09:00.000,14896.00,1703.60,49705.00,
2003-10-30 16:10:00.000,14886.10,1692.40,49703.70,
2003-10-30 16:11:00.000,14881.30,1698.20,49714.50,
2003-10-30 16:12:00.000,14889.40,1698.00,49719.40,
2003-10-30 16:13:00.000,14893.00,1690.90,49719.20,
2003-10-30 16:14:00.000,14889.00,1674.60,49715.50,
2003-10-30 16:15:00.000,14880.30,1672.20,49716.30,
2003-10-30 16:16:00.000,14877.30,1664.00,49716.10,
2003-10-30 16:17:00.000,14865.90,1660.90,49719.40,
2003-10-30 16:18:00.000,14847.20,1671.20,49728.00,
2003-10-30 16:19:00.000,14850.90,1703.90,49741.80,
2003-10-30 16:20:00.000,14868.90,1711.50,49741.50,
2003-10-30 16:21:00.000,14876.30,1711.30,49738.40,
2003-10-30 16:22:00.000,14883.60,1706.10,49731.60,
2003-10-30 16:23:00.000,14890.80,1696.70,49723.90,
2003-10-30 16:24:00.000,14893.00,1683.90,49716.80,
2003-10-30 16:25:00.000,14888.50,1677.30,49710.20,
2003-10-30 16:26:00.000,14884.60,1661.40,49703.50,
2003-10-30 16:27:00.000,14866.40,1657.60,49701.30,
2003-10-30 16:28:00.000,14860.60,1651.10,49698.80,
2003-10-30 16:29:00.000,14847.10,1655.40,49700.20,
2003-10-30 16:30:00.000,14849.10,1655.40,49699.60,
2003-10-30 16:31:00.000,14845.60,1658.20,49701.80,
2003-10-30 16:32:00.000,14846.90,1663.40,49704.10,
2003-10-30 16:33:00.000,14848.00,1668.90,49706.90,
2003-10-30 16:34:00.000,14845.30,1666.10,49705.60,
2003-10-30 16:35:00.000,14845.50,1670.90,49709.00,
2003-10-30 16:36:00.000,14856.90,1669.00,49712.70,
2003-10-30 16:37:00.000,14856.80,1672.50,49720.20,
2003-10-30 16:38:00.000,14859.70,1674.10,49722.90,
2003-10-30 16:39:00.000,14859.80,1680.10,49730.40,
2003-10-30 16:40:00.000,14855.80,1709.30,49742.20,
2003-10-30 16:41:00.000,14864.80,1729.00,49756.70,
2003-10-30 16:42:00.000,14897.30,1753.10,49767.40,
2003-10-30 16:43:00.000,14924.10,1759.30,49769.70,
2003-10-30 16:44:00.000,14926.80,1747.10,49764.40,
2003-10-30 16:45:00.000,14926.10,1763.20,49762.10,
2003-10-30 16:46:00.000,14936.50,1778.60,49761.30,
2003-10-30 16:47:00.000,14954.90,1789.30,49759.60,
2003-10-30 16:48:00.000,14978.10,1791.90,49750.90,
2003-10-30 16:49:00.000,14980.90,1791.80,49741.60,
2003-10-30 16:50:00.000,15000.90,1786.70,49732.30,
2003-10-30 16:51:00.000,14986.10,1767.70,49717.50,
2003-10-30 16:52:00.000,14979.20,1752.60,49702.80,
2003-10-30 16:53:00.000,14960.40,1741.40,49687.20,
2003-10-30 16:54:00.000,14943.40,1731.90,49673.90,
2003-10-30 16:55:00.000,14936.10,1732.40,49669.90,
2003-10-30 16:56:00.000,14932.10,1729.90,49660.30,
2003-10-30 16:57:00.000,14916.60,1722.40,49653.30,
2003-10-30 16:58:00.000,14898.30,1718.30,49657.70,
2003-10-30 16:59:00.000,14879.50,1721.20,49660.10,
2003-10-30 17:00:00.000,14858.80,1730.80,49663.60,
2003-10-30 17:01:00.000,14845.50,1749.80,49672.30,
2003-10-30 17:02:00.000,14833.20,1767.40,49680.70,
2003-10-30 17:03:00.000,14833.50,1795.40,49696.70,
2003-10-30 17:04:00.000,14837.60,1813.80,49706.50,
2003-10-30 17:05:00.000,14830.70,1827.20,49710.30,
2003-10-30 17:06:00.000,14831.00,1848.80,49715.70,
2003-10-30 17:07:00.000,14842.00,1855.50,49714.10,
2003-10-30 17:08:00.000,14856.80,1853.90,49710.40,
2003-10-30 17:09:00.000,14865.80,1844.80,49701.90,
2003-10-30 17:10:00.000,14872.30,1833.60,49698.90,
2003-10-30 17:11:00.000,14873.70,1821.70,49700.90,
2003-10-30 17:12:00.000,14874.70,1806.90,49702.70,
2003-10-30 17:13:00.000,14872.60,1798.10,49706.80,
2003-10-30 17:14:00.000,14879.90,1782.20,49711.70,
2003-10-30 17:15:00.000,14891.90,1785.70,49728.70,
2003-10-30 17:16:00.000,14909.40,1795.50,49741.20,
2003-10-30 17:17:00.000,14914.10,1796.60,49745.40,
2003-10-30 17:18:00.000,14910.00,1803.10,49750.20,
2003-10-30 17:19:00.000,14907.20,1806.40,49749.20,
2003-10-30 17:20:00.000,14898.40,1801.00,49740.50,
2003-10-30 17:21:00.000,14890.40,1799.20,49734.40,
2003-10-30 17:22:00.000,14888.20,1795.50,49729.20,
2003-10-30 17:23:00.000,14888.10,1795.80,49732.50,
2003-10-30 17:24:00.000,14889.50,1801.30,49733.90,
2003-10-30 17:25:00.000,14897.50,1807.90,49733.50,
2003-10-30 17:26:00.000,14902.10,1805.00,49734.00,
2003-10-30 17:27:00.000,14903.10,1809.10,49737.40,
2003-10-30 17:28:00.000,14905.20,1815.20,49736.00,
2003-10-30 17:29:00.000,14903.70,1815.20,49735.40,
2003-10-30 17:30:00.000,14893.70,1816.60,49731.40,
2003-10-30 17:31:00.000,14886.70,1821.10,49722.70,
2003-10-30 17:32:00.000,14875.20,1820.20,49710.60,
2003-10-30 17:33:00.000,14860.70,1825.50,49701.50,
2003-10-30 17:34:00.000,14845.10,1826.30,49687.80,
2003-10-30 17:35:00.000,14826.60,1831.50,49671.70,
2003-10-30 17:36:00.000,14802.90,1841.50,49652.80,
2003-10-30 17:37:00.000,14789.10,1845.60,49630.10,
2003-10-30 17:38:00.000,14785.40,1848.70,49606.40,
2003-10-30 17:39:00.000,14780.30,1854.40,49582.60,
2003-10-30 17:40:00.000,14766.70,1847.10,49547.90,
2003-10-30 17:41:00.000,14761.30,1824.00,49520.90,
2003-10-30 17:42:00.000,14759.50,1805.10,49505.80,
2003-10-30 17:43:00.000,14744.80,1797.00,49510.60,
2003-10-30 17:44:00.000,14733.40,1787.30,49515.00,
2003-10-30 17:45:00.000,14724.90,1786.10,49522.40,
2003-10-30 17:46:00.000,14706.70,1792.50,49515.10,
2003-10-30 17:47:00.000,14710.80,1782.50,49510.50,
2003-10-30 17:48:00.000,14725.40,1762.20,49519.50,
2003-10-30 17:49:00.000,14749.20,1742.50,49538.70,
2003-10-30 17:50:00.000,14751.90,1727.00,49557.80,
2003-10-30 17:51:00.000,14784.10,1713.00,49587.00,
2003-10-30 17:52:00.000,14819.90,1715.90,49628.40,
2003-10-30 17:53:00.000,14833.90,1734.20,49655.00,
2003-10-30 17:54:00.000,14866.10,1735.20,49678.40,
2003-10-30 17:55:00.000,14915.80,1734.10,49710.10,
2003-10-30 17:56:00.000,14943.90,1723.70,49733.10,
2003-10-30 17:57:00.000,14980.20,1719.50,49756.40,
2003-10-30 17:58:00.000,14996.00,1725.10,49780.40,
2003-10-30 17:59:00.000,15023.90,1749.10,49804.90,
2003-10-30 18:00:00.000,15029.30,1736.70,49804.30,
2003-10-30 18:01:00.000,15040.40,1714.10,49802.70,
2003-10-30 18:02:00.000,15041.80,1706.60,49806.60,
2003-10-30 18:03:00.000,15052.30,1718.00,49818.50,
2003-10-30 18:04:00.000,15053.20,1723.20,49824.40,
2003-10-30 18:05:00.000,15047.40,1708.20,49820.20,
2003-10-30 18:06:00.000,15041.90,1711.50,49820.20,
2003-10-30 18:07:00.000,15041.80,1715.90,49823.20,
2003-10-30 18:08:00.000,15033.10,1718.10,49818.80,
2003-10-30 18:09:00.000,15022.30,1713.20,49812.30,
2003-10-30 18:10:00.000,15006.00,1704.60,49799.70,
2003-10-30 18:11:00.000,15005.00,1698.10,49792.10,
2003-10-30 18:12:00.000,14997.80,1686.10,49782.60,
2003-10-30 18:13:00.000,14975.40,1669.50,49768.30,
2003-10-30 18:14:00.000,14953.10,1663.40,49755.80,
2003-10-30 18:15:00.000,14970.40,1673.50,49759.10,
2003-10-30 18:16:00.000,14972.70,1689.90,49741.90,
2003-10-30 18:17:00.000,14985.40,1707.30,49715.00,
2003-10-30 18:18:00.000,15004.60,1704.80,49680.00,
2003-10-30 18:19:00.000,14965.00,1718.80,49632.70,
2003-10-30 18:20:00.000,14970.40,1713.70,49604.70,
2003-10-30 18:21:00.000,14944.80,1680.30,49600.20,
2003-10-30 18:22:00.000,14882.20,1626.80,49595.10,
2003-10-30 18:23:00.000,14845.60,1613.30,49593.70,
2003-10-30 18:24:00.000,14849.60,1613.70,49598.60,
2003-10-30 18:25:00.000,14863.60,1602.40,49602.00,
2003-10-30 18:26:00.000,14857.00,1596.70,49611.80,
2003-10-30 18:27:00.000,14853.50,1586.20,49616.90,
2003-10-30 18:28:00.000,14848.80,1575.10,49631.30,
2003-10-30 18:29:00.000,14848.60,1570.70,49656.10,
2003-10-30 18:30:00.000,14808.20,1577.00,49668.80,
2003-10-30 18:31:00.000,14847.00,1601.90,49701.10,
2003-10-30 18:32:00.000,14899.70,1618.40,49755.80,
2003-10-30 18:33:00.000,14917.80,1627.50,49790.20,
2003-10-30 18:34:00.000,14971.00,1642.40,49823.60,
2003-10-30 18:35:00.000,15020.10,1662.00,49859.50,
2003-10-30 18:36:00.000,15005.80,1671.50,49856.30,
2003-10-30 18:37:00.000,15003.70,1679.40,49847.30,
2003-10-30 18:38:00.000,15008.80,1678.50,49846.50,
2003-10-30 18:39:00.000,15001.30,1675.40,49838.70,
2003-10-30 18:40:00.000,14997.20,1686.40,49837.20,
2003-10-30 18:41:00.000,14991.10,1694.20,49831.10,
2003-10-30 18:42:00.000,14971.10,1699.50,49809.00,
2003-10-30 18:43:00.000,14965.70,1693.20,49792.40,
2003-10-30 18:44:00.000,14954.20,1706.00,49797.80,
2003-10-30 18:45:00.000,14938.60,1721.50,49799.10,
2003-10-30 18:46:00.000,14922.50,1735.80,49790.60,
2003-10-30 18:47:00.000,14906.00,1741.30,49778.20,
2003-10-30 18:48:00.000,14875.30,1729.40,49757.80,
2003-10-30 18:49:00.000,14864.70,1719.30,49747.80,
2003-10-30 18:50:00.000,14864.00,1712.20,49736.80,
2003-10-30 18:51:00.000,14887.20,1700.00,49723.20,
2003-10-30 18:52:00.000,14896.70,1695.40,49714.50,
2003-10-30 18:53:00.000,14880.10,1692.70,49703.60,
2003-10-30 18:54:00.000,14844.90,1680.40,49681.70,
2003-10-30 18:55:00.000,14826.80,1670.80,49661.10,
2003-10-30 18:56:00.000,14810.00,1680.10,49657.50,
2003-10-30 18:57:00.000,14804.60,1691.40,49658.00,
2003-10-30 18:58:00.000,14825.20,1704.70,49664.40,
2003-10-30 18:59:00.000,14868.10,1708.70,49664.30,
2003-10-30 19:00:00.000,14873.60,1714.90,49650.20,
2003-10-30 19:01:00.000,14892.10,1716.50,49645.20,
2003-10-30 19:02:00.000,14873.50,1717.70,49638.40,
2003-10-30 19:03:00.000,14837.00,1730.50,49612.10,
2003-10-30 19:04:00.000,14801.30,1748.40,49582.90,
2003-10-30 19:05:00.000,14777.20,1760.00,49570.10,
2003-10-30 19:06:00.000,14740.70,1777.30,49564.80,
2003-10-30 19:07:00.000,14726.40,1792.40,49556.00,
2003-10-30 19:08:00.000,14708.10,1801.70,49544.40,
2003-10-30 19:09:00.000,14714.90,1809.70,49534.50,
2003-10-30 19:10:00.000,14704.70,1809.50,49522.50,
2003-10-30 19:11:00.000,14675.70,1810.60,49500.20,
2003-10-30 19:12:00.000,14659.20,1808.60,49472.50,
2003-10-30 19:13:00.000,14657.80,1789.00,49449.80,
2003-10-30 19:14:00.000,14656.70,1776.40,49433.70,
2003-10-30 19:15:00.000,14681.60,1743.90,49422.30,
2003-10-30 19:16:00.000,14652.00,1721.10,49400.10,
2003-10-30 19:17:00.000,14641.40,1704.80,49387.50,
2003-10-30 19:18:00.000,14557.60,1698.90,49335.00,
2003-10-30 19:19:00.000,14426.20,1690.80,49244.10,
2003-10-30 19:20:00.000,14353.90,1706.00,49185.70,
2003-10-30 19:21:00.000,14288.70,1691.30,49141.70,
2003-10-30 19:22:00.000,14242.80,1649.90,49122.50,
2003-10-30 19:23:00.000,14249.10,1581.60,49128.80,
2003-10-30 19:24:00.000,14067.90,1561.50,49115.00,
2003-10-30 19:25:00.000,14006.90,1507.90,49091.00,
2003-10-30 19:26:00.000,14072.00,1452.00,49133.40,
2003-10-30 19:27:00.000,14158.40,1439.20,49210.70,
2003-10-30 19:28:00.000,14221.30,1458.00,49262.00,
2003-10-30 19:29:00.000,14330.30,1488.20,49301.60,
2003-10-30 19:30:00.000,14315.90,1536.60,49299.00,
2003-10-30 19:31:00.000,14466.80,1533.40,49287.30,
2003-10-30 19:32:00.000,14456.20,1549.30,49262.10,
2003-10-30 19:33:00.000,14379.60,1562.80,49195.10,
2003-10-30 19:34:00.000,14303.20,1603.10,49138.30,
2003-10-30 19:35:00.000,14278.40,1571.70,49098.90,
2003-10-30 19:36:00.000,14264.40,1550.90,49092.10,
2003-10-30 19:37:00.000,14279.50,1558.20,49080.60,
2003-10-30 19:38:00.000,14360.20,1560.50,49085.40,
2003-10-30 19:39:00.000,14428.40,1556.80,49125.80,
2003-10-30 19:40:00.000,14433.80,1607.30,49167.80,
2003-10-30 19:41:00.000,14325.90,1623.10,49160.40,
2003-10-30 19:42:00.000,14247.30,1623.00,49125.20,
2003-10-30 19:43:00.000,14213.80,1653.30,49083.80,
2003-10-30 19:44:00.000,14297.40,1671.10,49094.50,
2003-10-30 19:45:00.000,14392.70,1694.10,49106.80,
2003-10-30 19:46:00.000,14553.10,1740.80,49093.60,
2003-10-30 19:47:00.000,14677.70,1738.80,49062.10,
2003-10-30 19:48:00.000,14668.50,1707.10,49029.00,
2003-10-30 19:49:00.000,14543.00,1737.50,48969.70,
2003-10-30 19:50:00.000,14466.30,1733.20,48879.70,
2003-10-30 19:51:00.000,14329.90,1683.30,48767.50,
2003-10-30 19:52:00.000,14376.60,1678.30,48729.90,
2003-10-30 19:53:00.000,14380.60,1706.00,48738.00,
2003-10-30 19:54:00.000,13979.80,1695.00,48636.90,
2003-10-30 19:55:00.000,13659.80,1693.20,48467.10,
2003-10-30 19:56:00.000,13627.40,1692.80,48390.90,
2003-10-30 19:57:00.000,13840.20,1789.60,48438.40,
2003-10-30 19:58:00.000,13995.80,1810.90,48502.00,
2003-10-30 19:59:00.000,13618.20,1871.30,48455.90,
2003-10-30 20:00:00.000,13496.00,1991.70,48390.10,
2003-10-30 20:01:00.000,13561.10,2086.40,48411.80,
2003-10-30 20:02:00.000,13419.10,2123.50,48411.50,
2003-10-30 20:03:00.000,12891.50,2223.40,48340.30,
2003-10-30 20:04:00.000,12144.00,2447.90,48178.80,
2003-10-30 20:05:00.000,12291.20,2537.60,48166.10,
2003-10-30 20:06:00.000,12590.60,2532.50,48267.50,
2003-10-30 20:07:00.000,12828.50,2436.90,48381.00,
2003-10-30 20:08:00.000,12929.80,2614.90,48483.10,
2003-10-30 20:09:00.000,13834.60,2509.70,48676.50,
2003-10-30 20:10:00.000,13830.50,2489.10,48823.10,
2003-10-30 20:11:00.000,13686.20,2639.00,48889.80,
2003-10-30 20:12:00.000,13992.20,2561.10,48971.40,
2003-10-30 20:13:00.000,14264.20,2475.50,49071.30,
2003-10-30 20:14:00.000,14266.00,2408.80,49118.20,
2003-10-30 20:15:00.000,13980.20,2351.90,49101.40,
2003-10-30 20:16:00.000,13989.40,2298.40,49107.70,
2003-10-30 20:17:00.000,14141.20,2296.90,49170.50,
2003-10-30 20:18:00.000,14214.00,2249.60,49186.50,
2003-10-30 20:19:00.000,14241.80,2205.50,49168.60,
2003-10-30 20:20:00.000,14353.80,2154.30,49182.30,
2003-10-30 20:21:00.000,14346.90,2133.90,49196.20,
2003-10-30 20:22:00.000,14382.90,2102.20,49206.10,
2003-10-30 20:23:00.000,14387.10,2073.50,49187.00,
2003-10-30 20:24:00.000,14299.30,2068.40,49149.70,
2003-10-30 20:25:00.000,14182.70,2069.70,49120.90,
2003-10-30 20:26:00.000,13690.00,2128.60,49049.80,
2003-10-30 20:27:00.000,13265.60,2199.30,49005.20,
2003-10-30 20:28:00.000,13439.00,2222.30,49033.60,
2003-10-30 20:29:00.000,13422.80,2229.30,49067.30,
2003-10-30 20:30:00.000,13431.90,2237.30,49073.40,
2003-10-30 20:31:00.000,13421.30,2240.20,49067.80,
2003-10-30 20:32:00.000,13421.50,2180.30,49108.90,
2003-10-30 20:33:00.000,13414.70,2141.00,49165.00,
2003-10-30 20:34:00.000,13456.40,2119.80,49242.20,
2003-10-30 20:35:00.000,13627.30,2056.00,49319.20,
2003-10-30 20:36:00.000,13534.70,1997.50,49390.10,
2003-10-30 20:37:00.000,13379.80,1976.30,49457.20,
2003-10-30 20:38:00.000,13652.70,1918.00,49544.90,
2003-10-30 20:39:00.000,13892.80,1888.50,49612.20,
2003-10-30 20:40:00.000,13986.80,1920.80,49643.90,
2003-10-30 20:41:00.000,14021.70,1936.60,49660.70,
2003-10-30 20:42:00.000,14035.80,1931.30,49696.70,
2003-10-30 20:43:00.000,14057.90,1933.30,49734.20,
2003-10-30 20:44:00.000,14116.60,1916.10,49749.10,
2003-10-30 20:45:00.000,14133.40,1889.50,49733.70,
2003-10-30 20:46:00.000,14175.60,1850.40,49697.10,
2003-10-30 20:47:00.000,14258.30,1843.60,49678.00,
2003-10-30 20:48:00.000,14266.30,1838.60,49651.00,
2003-10-30 20:49:00.000,14293.30,1825.70,49626.10,
2003-10-30 20:50:00.000,14400.80,1829.10,49623.70,
2003-10-30 20:51:00.000,14442.20,1817.40,49606.50,
2003-10-30 20:52:00.000,14425.30,1786.30,49588.60,
2003-10-30 20:53:00.000,14466.40,1790.20,49599.90,
2003-10-30 20:54:00.000,14512.90,1787.80,49620.90,
2003-10-30 20:55:00.000,14496.90,1771.10,49615.10,
2003-10-30 20:56:00.000,14480.20,1775.30,49606.90,
2003-10-30 20:57:00.000,14488.10,1784.80,49604.40,
2003-10-30 20:58:00.000,14512.90,1763.80,49603.40,
2003-10-30 20:59:00.000,14597.40,1769.90,49621.60,
2003-10-30 21:00:00.000,14673.90,1793.60,49625.80,
2003-10-30 21:01:00.000,14666.50,1800.20,49605.70,
2003-10-30 21:02:00.000,14620.40,1777.50,49576.60,
2003-10-30 21:03:00.000,14552.20,1759.20,49546.20,
2003-10-30 21:04:00.000,14532.50,1764.10,49534.00,
2003-10-30 21:05:00.000,14582.90,1773.90,49539.60,
2003-10-30 21:06:00.000,14578.40,1777.30,49537.50,
2003-10-30 21:07:00.000,14527.10,1788.30,49531.60,
2003-10-30 21:08:00.000,14547.10,1787.10,49548.60,
2003-10-30 21:09:00.000,14568.40,1752.50,49575.30,
2003-10-30 21:10:00.000,14556.60,1704.90,49591.60,
2003-10-30 21:11:00.000,14553.80,1714.30,49604.20,
2003-10-30 21:12:00.000,14490.30,1727.70,49596.40,
2003-10-30 21:13:00.000,14409.50,1724.80,49575.70,
2003-10-30 21:14:00.000,14335.90,1754.00,49558.80,
2003-10-30 21:15:00.000,14207.30,1758.20,49555.90,
2003-10-30 21:16:00.000,14092.80,1756.10,49579.90,
2003-10-30 21:17:00.000,13543.70,1968.20,49725.50,
2003-10-30 21:18:00.000,12901.10,2551.90,49755.80,
2003-10-30 21:19:00.000,12817.40,2872.90,49457.20,
2003-10-30 21:20:00.000,13057.20,2871.30,49535.00,
2003-10-30 21:21:00.000,13262.30,2735.30,49593.90,
2003-10-30 21:22:00.000,13423.30,2888.60,49703.10,
2003-10-30 21:23:00.000,13437.60,2650.30,49660.70,
2003-10-30 21:24:00.000,13357.10,2353.80,49432.80,
2003-10-30 21:25:00.000,13263.30,2323.30,49122.10,
2003-10-30 21:26:00.000,13097.40,2390.00,48877.00,
2003-10-30 21:27:00.000,12978.00,2191.80,48637.80,
2003-10-30 21:28:00.000,12861.10,2100.50,48503.60,
2003-10-30 21:29:00.000,12825.20,2012.10,48483.40,
2003-10-30 21:30:00.000,12817.30,1911.30,48497.10,
2003-10-30 21:31:00.000,12667.30,1907.40,48548.20,
2003-10-30 21:32:00.000,12537.70,1897.60,48544.20,
2003-10-30 21:33:00.000,12546.90,2003.80,48520.60,
2003-10-30 21:34:00.000,12380.90,2125.30,48525.20,
2003-10-30 21:35:00.000,12404.10,2127.30,48677.60,
2003-10-30 21:36:00.000,12686.40,2057.10,48927.30,
2003-10-30 21:37:00.000,12868.30,2041.90,49095.40,
2003-10-30 21:38:00.000,13027.60,1997.60,49262.30,
2003-10-30 21:39:00.000,13130.10,1918.60,49425.50,
2003-10-30 21:40:00.000,13221.90,1809.30,49498.20,
2003-10-30 21:41:00.000,13421.90,1737.70,49549.60,
2003-10-30 21:42:00.000,13570.70,1636.60,49564.70,
2003-10-30 21:43:00.000,13673.10,1604.00,49602.10,
2003-10-30 21:44:00.000,13695.10,1621.60,49589.10,
2003-10-30 21:45:00.000,13661.70,1636.20,49577.60,
2003-10-30 21:46:00.000,13638.20,1641.30,49612.30,
2003-10-30 21:47:00.000,13684.80,1672.50,49655.20,
2003-10-30 21:48:00.000,13884.30,1668.80,49696.50,
2003-10-30 21:49:00.000,13931.80,1681.40,49681.60,
2003-10-30 21:50:00.000,13855.90,1666.80,49629.10,
2003-10-30 21:51:00.000,13731.60,1648.10,49592.90,
2003-10-30 21:52:00.000,13601.10,1655.20,49641.40,
2003-10-30 21:53:00.000,13616.10,1662.60,49727.80,
2003-10-30 21:54:00.000,13680.10,1656.20,49790.20,
2003-10-30 21:55:00.000,13777.40,1668.20,49799.30,
2003-10-30 21:56:00.000,13861.00,1682.30,49799.90,
2003-10-30 21:57:00.000,13815.50,1686.70,49746.10,
2003-10-30 21:58:00.000,13754.60,1695.60,49704.10,
2003-10-30 21:59:00.000,13576.50,1764.90,49660.90,
2003-10-30 22:00:00.000,13491.50,1861.80,49650.70,
2003-10-30 22:01:00.000,13553.90,1897.10,49651.00,
2003-10-30 22:02:00.000,13650.40,1924.00,49669.80,
2003-10-30 22:03:00.000,13715.50,1918.80,49675.40,
2003-10-30 22:04:00.000,13767.60,1910.80,49675.80,
2003-10-30 22:05:00.000,13834.80,1898.10,49666.80,
2003-10-30 22:06:00.000,13954.50,1852.60,49714.10,
2003-10-30 22:07:00.000,14013.50,1789.00,49741.10,
2003-10-30 22:08:00.000,13985.30,1815.20,49745.00,
2003-10-30 22:09:00.000,13967.10,1833.40,49731.30,
2003-10-30 22:10:00.000,13887.50,1860.30,49702.90,
2003-10-30 22:11:00.000,13884.00,1890.90,49722.60,
2003-10-30 22:12:00.000,13865.10,1942.40,49738.90,
2003-10-30 22:13:00.000,13829.70,2003.80,49724.20,
2003-10-30 22:14:00.000,13808.30,1962.30,49713.90,
2003-10-30 22:15:00.000,13734.00,1999.50,49755.30,
2003-10-30 22:16:00.000,13592.20,1975.20,49755.20,
2003-10-30 22:17:00.000,13456.80,2058.40,49784.90,
2003-10-30 22:18:00.000,13542.50,2067.00,49838.90,
2003-10-30 22:19:00.000,13644.80,2027.60,49848.80,
2003-10-30 22:20:00.000,13634.10,2013.60,49823.00,
2003-10-30 22:21:00.000,13636.50,2034.10,49848.90,
2003-10-30 22:22:00.000,13636.50,2071.90,49908.90,
2003-10-30 22:23:00.000,13630.00,2131.40,49983.60,
2003-10-30 22:24:00.000,13681.20,2093.00,50046.50,
2003-10-30 22:25:00.000,13821.30,2029.30,50083.90,
2003-10-30 22:26:00.000,13864.20,1993.70,50078.70,
2003-10-30 22:27:00.000,13861.80,1956.00,50045.00,
2003-10-30 22:28:00.000,13842.10,1936.80,50018.10,
2003-10-30 22:29:00.000,13903.80,1932.30,50006.00,
2003-10-30 22:30:00.000,13934.30,1935.40,50017.70,
2003-10-30 22:31:00.000,13970.30,1825.20,50021.70,
2003-10-30 22:32:00.000,14053.60,1769.20,50014.90,
2003-10-30 22:33:00.000,14171.70,1739.20,50027.90,
2003-10-30 22:34:00.000,14284.50,1702.60,50046.90,
2003-10-30 22:35:00.000,14239.60,1708.40,50046.30,
2003-10-30 22:36:00.000,14256.80,1749.10,50047.90,
2003-10-30 22:37:00.000,14262.10,1755.90,50007.70,
2003-10-30 22:38:00.000,14263.10,1743.70,49972.60,
2003-10-30 22:39:00.000,14277.50,1765.10,49985.70,
2003-10-30 22:40:00.000,14369.20,1710.00,49975.10,
2003-10-30 22:41:00.000,14438.30,1694.30,49962.80,
2003-10-30 22:42:00.000,14400.30,1694.30,49937.30,
2003-10-30 22:43:00.000,14317.80,1708.60,49918.60,
2003-10-30 22:44:00.000,14233.30,1739.90,49889.80,
2003-10-30 22:45:00.000,14254.60,1722.50,49893.30,
2003-10-30 22:46:00.000,14310.40,1719.70,49908.80,
2003-10-30 22:47:00.000,14282.40,1753.60,49916.20,
2003-10-30 22:48:00.000,14280.10,1771.90,49938.80,
2003-10-30 22:49:00.000,14336.30,1771.10,49959.90,
2003-10-30 22:50:00.000,14352.40,1745.30,49967.30,
2003-10-30 22:51:00.000,14378.10,1744.50,49973.80,
2003-10-30 22:52:00.000,14418.70,1743.30,49978.40,
2003-10-30 22:53:00.000,14436.60,1738.00,49975.50,
2003-10-30 22:54:00.000,14441.30,1730.30,49965.30,
2003-10-30 22:55:00.000,14438.10,1723.50,49956.00,
2003-10-30 22:56:00.000,14397.70,1705.10,49939.10,
2003-10-30 22:57:00.000,14357.50,1674.50,49924.20,
2003-10-30 22:58:00.000,14367.90,1648.50,49918.40,
2003-10-30 22:59:00.000,14431.90,1632.80,49923.30,
2003-10-30 23:00:00.000,14421.70,1617.60,49913.90,
2003-10-30 23:01:00.000,14380.20,1612.20,49905.00,
2003-10-30 23:02:00.000,14376.30,1620.70,49901.10,
2003-10-30 23:03:00.000,14397.20,1615.40,49900.40,
2003-10-30 23:04:00.000,14356.20,1628.10,49877.70,
2003-10-30 23:05:00.000,14261.10,1628.10,49856.60,
2003-10-30 23:06:00.000,14237.50,1639.10,49839.80,
2003-10-30 23:07:00.000,14196.10,1627.90,49815.50,
2003-10-30 23:08:00.000,14080.40,1679.50,49780.60,
2003-10-30 23:09:00.000,14071.70,1742.80,49743.30,
2003-10-30 23:10:00.000,13988.80,1755.70,49664.60,
2003-10-30 23:11:00.000,13971.40,1770.80,49638.30,
2003-10-30 23:12:00.000,13916.60,1784.10,49621.50,
2003-10-30 23:13:00.000,13924.00,1825.60,49584.80,
2003-10-30 23:14:00.000,13903.20,1843.90,49571.50,
2003-10-30 23:15:00.000,13894.40,1833.90,49582.20,
2003-10-30 23:16:00.000,13934.40,1801.20,49612.20,
2003-10-30 23:17:00.000,13989.60,1758.40,49625.50,
2003-10-30 23:18:00.000,14107.40,1756.50,49650.90,
2003-10-30 23:19:00.000,14187.80,1746.80,49681.30,
2003-10-30 23:20:00.000,14217.20,1752.10,49715.00,
2003-10-30 23:21:00.000,14186.60,1767.10,49737.20,
2003-10-30 23:22:00.000,14189.00,1802.40,49760.20,
2003-10-30 23:23:00.000,14205.70,1834.10,49817.70,
2003-10-30 23:24:00.000,14202.30,1887.70,49833.90,
2003-10-30 23:25:00.000,14116.20,1925.80,49783.60,
2003-10-30 23:26:00.000,14148.60,1932.70,49751.10,
2003-10-30 23:27:00.000,14228.90,1920.50,49746.10,
2003-10-30 23:28:00.000,14248.20,1890.60,49740.50,
2003-10-30 23:29:00.000,14295.10,1864.80,49736.00,
2003-10-30 23:30:00.000,14336.60,1853.00,49736.50,
2003-10-30 23:31:00.000,14330.70,1843.40,49742.60,
2003-10-30 23:32:00.000,14311.90,1823.10,49747.30,
2003-10-30 23:33:00.000,14197.00,1851.70,49724.80,
2003-10-30 23:34:00.000,14133.70,1864.00,49728.50,
2003-10-30 23:35:00.000,14134.50,1890.40,49754.00,
2003-10-30 23:36:00.000,14202.00,1861.20,49796.30,
2003-10-30 23:37:00.000,14257.80,1822.50,49820.70,
2003-10-30 23:38:00.000,14318.90,1808.80,49832.60,
2003-10-30 23:39:00.000,14328.00,1819.80,49816.90,
2003-10-30 23:40:00.000,14269.70,1818.70,49768.50,
2003-10-30 23:41:00.000,14217.60,1864.30,49776.30,
2003-10-30 23:42:00.000,14146.20,1902.40,49781.30,
2003-10-30 23:43:00.000,14172.90,1904.00,49759.60,
2003-10-30 23:44:00.000,14348.30,1809.90,49814.00,
2003-10-30 23:45:00.000,14432.30,1813.80,49849.10,
2003-10-30 23:46:00.000,14384.50,1830.70,49830.70,
2003-10-30 23:47:00.000,14299.00,1843.70,49798.50,
2003-10-30 23:48:00.000,14240.20,1865.70,49775.30,
2003-10-30 23:49:00.000,14245.00,1865.40,49753.40,
2003-10-30 23:50:00.000,14260.80,1834.70,49704.00,
2003-10-30 23:51:00.000,14238.90,1798.80,49664.50,
2003-10-30 23:52:00.000,14177.10,1792.40,49643.10,
2003-10-30 23:53:00.000,14126.90,1791.90,49649.90,
2003-10-30 23:54:00.000,14142.50,1751.30,49645.90,
2003-10-30 23:55:00.000,14147.00,1734.20,49661.50,
2003-10-30 23:56:00.000,14107.70,1773.70,49655.50,
2003-10-30 23:57:00.000,14197.60,1760.20,49678.80,
2003-10-30 23:58:00.000,14204.90,1769.60,49693.30,
2003-10-30 23:59:00.000,14208.40,1795.00,49722.10,
